location,longitude,latitude,NDVI_Landsat_mean,NDVI_Landsat_std,NDVI_texture,NIR,Red,SWOIR1,SWOIR2,TPI,aspect,brightness,current_NDVI,elevation,slope
namibia,15.909163681756727,-25.018080662728675,0.07619999349117279,0.013809001574702606,0.01143595058751017,3698.4,2995.8333333333335,4726.833333333333,4346.25,0,63.85688018798828,3347.116666666667,0.10495102405548096,1064,0.427568644285202
namibia,15.927129987439116,-25.018080662728675,0.07505574077367783,0.011351599434929643,0.01199216756202877,3693.0,2984.375,4731.5,4427.0,0,332.7514343261719,3338.6875,0.10612329095602036,1053,0.2445133775472641
namibia,15.945096293121507,-25.018080662728675,0.07740096747875214,0.010814408677176658,0.015042539345638862,3691.5,2988.75,4776.0,4456.0,0,343.1462097167969,3340.125,0.10519815981388092,1071,0.7722181081771851
namibia,15.963062598803898,-25.018080662728675,0.07614310830831528,0.0158191948968545,0.01691868390890465,3731.0,3054.4545454545455,4829.666666666667,4488.5,0,22.998912811279297,3392.727272727273,0.09970524907112122,1067,1.4323562383651733
namibia,15.981028904486289,-25.018080662728675,0.06333361566066742,0.018234764975168665,0.017316846157870828,3513.8,2950.8333333333335,4517.333333333333,4179.666666666667,0,26.3443603515625,3232.3166666666666,0.0870840847492218,1036,1.2611790895462036
namibia,15.998995210168678,-25.018080662728675,0.044684965163469315,0.017540133755163438,0.016164765370761412,2702.416666666667,2403.5,3586.333333333333,3364.0,0,323.2389221191406,2552.9583333333335,0.05854319408535957,1032,1.1756408214569092
namibia,16.01696151585107,-25.018080662728675,0.049765732139348984,0.01003354932935026,0.013880917478714071,2446.0,2100.5,3299.3333333333335,3032.25,0,325.0291442871094,2273.25,0.07599252462387085,1080,2.5096957683563232
namibia,16.034927821533458,-25.018080662728675,0.05630902945995331,0.015145161787820372,0.009919559376371064,2563.4,2201.0,3534.25,3234.3333333333335,0,354.57708740234375,2382.2,0.07606413960456848,1122,5.399239540100098
namibia,16.05289412721585,-25.018080662728675,0.0584082268178463,0.014902685275238456,0.01008391293988368,2488.625,2125.0,3359.333333333333,3005.583333333333,0,338.9514465332031,2306.8125,0.07881546765565872,1112,6.033572673797607
namibia,16.07086043289824,-25.018080662728675,0.06121943145990372,0.010877131077910867,0.011319845419414982,2291.3333333333335,1937.5,2981.3333333333335,2674.5,0,356.27703857421875,2114.416666666667,0.08367162197828293,1258,6.134078025817871
namibia,15.909163681756727,-25.000114357046286,0.07544837892055511,0.0131151026885611,0.010865131707091073,3901.0,3169.0,4949.5,4617.0,0,30.378408432006836,3535.0,0.10353606939315796,1036,0.5375328063964844
namibia,15.927129987439116,-25.000114357046286,0.0732317641377449,0.011123253670655128,0.010904298727711531,3790.0,3105.6666666666665,4788.0,4559.0,0,176.61709594726562,3447.833333333333,0.09924107044935226,1043,0.81291663646698
namibia,15.945096293121507,-25.000114357046286,0.07230102270841599,0.010565295340581303,0.01340439233884706,3684.1428571428573,3029.5714285714284,4684.0,4397.5,0,123.81639862060547,3356.857142857143,0.09749765694141388,1033,0.442668616771698
namibia,15.963062598803898,-25.000114357046286,0.0702047199010849,0.01232302662236762,0.015124696207350154,3609.0,2982.4,4563.333333333333,4323.75,0,57.08340072631836,3295.7,0.09506326168775558,1020,0.6666783690452576
namibia,15.981028904486289,-25.000114357046286,0.06682270020246506,0.01330141805787881,0.015347445238171836,3606.714285714286,3017.1428571428573,4635.8,4329.5,0,32.85851287841797,3311.9285714285716,0.08900726586580276,998,0.7073030471801758
namibia,15.998995210168678,-25.000114357046286,0.061272215098142624,0.01314345401776935,0.014247341745858868,3567.0,3035.1428571428573,4542.25,4250.5,0,347.94476318359375,3301.0714285714284,0.08055826276540756,996,0.918690025806427
namibia,16.01696151585107,-25.000114357046286,0.05656580626964569,0.011951025355086927,0.01272549806730108,3391.866666666667,2930.75,4300.166666666667,4002.6,0,344.1594543457031,3161.3083333333334,0.07293130457401276,1010,1.5813292264938354
namibia,16.034927821533458,-25.000114357046286,0.06552743166685104,0.018179019781880024,0.009542961283160475,3499.0,2983.625,4522.6,4146.666666666667,0,343.9026184082031,3241.3125,0.07950097322463989,1023,1.9600822925567627
namibia,16.05289412721585,-25.000114357046286,0.061281003057956696,0.016075729380122365,0.009177278925279756,2863.0,2430.25,3591.083333333333,3278.5,0,328.9577941894531,2646.625,0.08175506442785263,1044,1.674048662185669
namibia,16.07086043289824,-25.000114357046286,0.055304694920778275,0.013585855253698485,0.010557424036036942,2817.416666666667,2407.083333333333,3365.0,3113.666666666667,0,348.3109436035156,2612.25,0.07854021340608597,1077,3.3112740516662598
namibia,15.909163681756727,-24.982148051363893,0.06010863184928894,0.009065835383925304,0.009615854399723667,2547.0,2089.0,3340.0,3020.0,0,268.2977600097656,2318.0,0.09879206120967865,1032,0.9756317734718323
namibia,15.927129987439116,-24.982148051363893,0.06661184877157211,0.008379954275546242,0.009594387780411731,3461.0,2842.3333333333335,4402.666666666667,4037.0,0,237.07962036132812,3151.666666666667,0.0981491282582283,1109,1.0665016174316406
namibia,15.945096293121507,-24.982148051363893,0.07753348350524902,0.012308771966808288,0.011568833185512079,4024.0,3290.2,5066.25,4724.25,0,120.18759155273438,3657.1,0.10032539814710617,1088,1.239101529121399
namibia,15.963062598803898,-24.982148051363893,0.07186255604028702,0.00875413123242422,0.012864721021691993,3833.5,3193.0,4807.0,4566.0,0,109.33430480957031,3513.25,0.09115491062402725,1042,1.5753991603851318
namibia,15.981028904486289,-24.982148051363893,0.06401520222425461,0.011032082460096002,0.013009423841381205,3425.5,2857.5,4300.0,4098.0,0,101.38835144042969,3141.5,0.09040267020463943,995,1.1741242408752441
namibia,15.998995210168678,-24.982148051363893,0.06403498351573944,0.02568670903950387,0.012100852481467873,2953.2,2507.25,3523.4,3157.0,0,42.5948371887207,2730.225,0.08166909217834473,970,0.4724545180797577
namibia,16.01696151585107,-24.982148051363893,0.058736395090818405,0.013972811063204936,0.011104577190553114,2718.5833333333335,2343.5,3208.6666666666665,2950.7,0,331.11761474609375,2531.041666666667,0.07409663498401642,975,0.7281934022903442
namibia,16.034927821533458,-24.982148051363893,0.05610475316643715,0.017853901837230967,0.008859774350580333,3112.25,2659.8,3879.5,3590.6,0,315.72607421875,2886.025,0.07838635891675949,992,0.870252788066864
namibia,16.05289412721585,-24.982148051363893,0.05760309845209122,0.013796910210692254,0.008206402829002216,3051.6666666666665,2575.5,3644.0,3403.0,0,317.7428283691406,2813.583333333333,0.08461926132440567,1013,0.9984943270683289
namibia,16.07086043289824,-24.982148051363893,0.05248548462986946,0.018462858640032834,0.00975362414539766,2660.2,2298.3333333333335,3146.6666666666665,2910.666666666667,0,330.0439453125,2479.2666666666664,0.07297857105731964,1034,1.120537519454956
namibia,15.909163681756727,-24.964181745681504,0.0764409676194191,0.007920012991041425,0.009533596961664136,4246.0,3502.0,5294.5,4896.0,0,293.7647705078125,3874.0,0.0960247814655304,1038,0.6113298535346985
namibia,15.927129987439116,-24.964181745681504,0.07690996676683426,0.007158229640596115,0.008447145521925804,4292.0,3526.4,5419.0,5017.666666666667,0,336.8420715332031,3909.2,0.09792284667491913,1083,1.5443103313446045
namibia,15.945096293121507,-24.964181745681504,0.07718057185411453,0.008641882059500814,0.009661764343384931,4301.0,3530.5,5474.666666666667,5069.0,0,19.73996353149414,3915.75,0.09838473051786423,1076,1.2777256965637207
namibia,15.963062598803898,-24.964181745681504,0.07691279798746109,0.008589001349263433,0.009768317294538136,4258.333333333333,3506.5,5425.0,5035.0,0,57.841270446777344,3882.4166666666665,0.09682542830705643,1056,1.1705999374389648
namibia,15.981028904486289,-24.964181745681504,0.07647453248500824,0.010607864288860357,0.009728839435551376,4250.5,3516.0,5437.0,5108.2,0,84.45231628417969,3883.25,0.09457284212112427,1014,1.3489058017730713
namibia,15.998995210168678,-24.964181745681504,0.06787056475877762,0.014080608112964993,0.009013954840095309,3672.090909090909,3130.4285714285716,4454.5,4213.857142857143,0,95.39450073242188,3401.2597402597403,0.07962672412395477,972,0.7707018852233887
namibia,16.01696151585107,-24.964181745681504,0.05567843094468117,0.013339391984985237,0.008177465828762458,2812.0,2418.6,3376.770833333333,3115.0,0,299.5353088378906,2615.3,0.07521125674247742,966,0.1469898521900177
namibia,16.034927821533458,-24.964181745681504,0.0594286173582077,0.014194300576466983,0.007498638841412512,2889.0,2460.8,3668.0,3422.0,0,296.7312927246094,2674.9,0.08004037290811539,980,0.4832639992237091
namibia,16.05289412721585,-24.964181745681504,0.055481426417827606,0.01330416298668996,0.008192071210505313,2861.375,2456.75,3526.5,3267.0,0,305.9507751464844,2659.0625,0.07608414441347122,993,0.5924079418182373
namibia,16.07086043289824,-24.964181745681504,0.06565965712070465,0.019218649576027244,0.009738574276015752,3784.25,3260.3333333333335,4359.0,4081.3333333333335,0,302.39825439453125,3522.291666666667,0.07437156140804291,1010,0.7572840452194214
namibia,15.909163681756727,-24.94621543999911,0.07373837381601334,0.006629378681556323,0.010795662317345321,4090.0,3387.0,5179.8,4822.0,0,17.335874557495117,3738.5,0.09402166306972504,1015,0.8045762777328491
namibia,15.927129987439116,-24.94621543999911,0.07465792447328568,0.007168093628244228,0.008829888930592993,4233.75,3498.0,5323.0,4976.0,0,5.208227634429932,3865.875,0.09515956789255142,1011,1.7602533102035522
namibia,15.945096293121507,-24.94621543999911,0.07425810396671295,0.00706457195560239,0.00832940573705411,4190.0,3453.3333333333335,5365.0,5020.0,0,5.76915979385376,3821.666666666667,0.09638028591871262,1005,1.9074177742004395
namibia,15.963062598803898,-24.94621543999911,0.07595265656709671,0.006898693101244327,0.008092314098980072,4192.0,3461.0,5388.0,5071.0,0,12.567682266235352,3826.5,0.095518097281456,999,1.3954176902770996
namibia,15.981028904486289,-24.94621543999911,0.0736611932516098,0.008160529507716974,0.007957703914294385,4089.0,3378.25,5263.0,4906.0,0,34.16596221923828,3733.625,0.09518229961395264,986,0.6830471754074097
namibia,15.998995210168678,-24.94621543999911,0.06924125552177429,0.00975599297144948,0.007413137270757548,3653.8333333333335,3003.8,4788.666666666667,4446.452380952381,0,108.778076171875,3328.8166666666666,0.09763729572296143,975,0.2701170742511749
namibia,16.01696151585107,-24.94621543999911,0.06902465224266052,0.011791578085814885,0.0072715209823042675,4139.333333333333,3490.5555555555557,5199.466666666667,4824.5,0,185.2513885498047,3814.9444444444443,0.08503109216690063,970,0.3492707908153534
namibia,16.034927821533458,-24.94621543999911,0.07203465700149536,0.019019497515885705,0.0070807620681358876,3451.5,2868.0,4512.166666666666,4011.2,0,202.3376922607422,3159.75,0.09233325719833374,977,0.7990037202835083
namibia,16.05289412721585,-24.94621543999911,0.07218529284000397,0.019014744923654302,0.008094774384668154,3648.125,3067.3333333333335,4651.2,4186.5,0,236.7129669189453,3357.729166666667,0.08648578077554703,989,0.5544911623001099
namibia,16.07086043289824,-24.94621543999911,0.0700378268957138,0.02608183849799067,0.009377579143831678,3883.5,3370.8333333333335,4503.571428571428,4200.666666666667,0,257.6870422363281,3627.166666666667,0.07067040354013443,1006,0.8833785653114319
namibia,15.909163681756727,-24.928249134316722,0.06868406385183334,0.005092994384449355,0.013275827824725311,3904.6666666666665,3249.8,4846.0,4618.333333333333,0,49.94116973876953,3577.2333333333336,0.09153256565332413,985,1.148268222808838
namibia,15.927129987439116,-24.928249134316722,0.07077304273843765,0.005987451368780975,0.010861007066316876,4148.0,3433.3333333333335,5245.25,5017.333333333333,0,28.571928024291992,3790.666666666667,0.0942666232585907,962,1.3363921642303467
namibia,15.945096293121507,-24.928249134316722,0.06540973484516144,0.007271190683240289,0.009727352613169557,4109.5,3445.5,5220.5,4948.0,0,0.0,3777.5,0.08788881450891495,945,1.1157464981079102
namibia,15.963062598803898,-24.928249134316722,0.06562747061252594,0.007543083996393589,0.008082957269718524,3912.6666666666665,3313.8,4934.0,4710.0,0,320.4063720703125,3613.2333333333336,0.08287129551172256,962,0.752219557762146
namibia,15.981028904486289,-24.928249134316722,0.06840786337852478,0.0072098674712486,0.007972587624438417,4031.0,3341.5,4947.0,4685.5,0,220.0373992919922,3686.25,0.09352322667837143,975,0.39748990535736084
namibia,15.998995210168678,-24.928249134316722,0.0662471279501915,0.0083125369753655,0.00755594974724696,3652.3333333333335,3058.25,4635.375,4279.0,0,216.93931579589844,3355.291666666667,0.0885293111205101,978,0.398887574672699
namibia,16.01696151585107,-24.928249134316722,0.06670700758695602,0.013286554782838085,0.00773519224366463,3525.5,2950.75,4476.666666666667,4111.5,0,230.02481079101562,3238.125,0.08874734491109848,990,1.1051687002182007
namibia,16.034927821533458,-24.928249134316722,0.06853261590003967,0.015319848604466805,0.008397250714217437,3573.0,3003.25,4546.5,4160.0,0,201.85130310058594,3288.125,0.08663751929998398,1031,1.0304033756256104
namibia,16.05289412721585,-24.928249134316722,0.07293638586997986,0.020371500555619208,0.009217928937864769,3567.1,2982.3,4591.25,4076.25,0,172.3863983154297,3274.7,0.08929061889648438,1014,0.9648909568786621
namibia,16.07086043289824,-24.928249134316722,0.0686749815940857,0.021927070987105123,0.009280292423176727,3547.5,2999.0,4602.0,4107.0,0,223.84532165527344,3273.25,0.08378522843122482,1023,1.2456318140029907
namibia,15.909163681756727,-24.910282828634333,0.06835225224494934,0.006051708788962797,0.016207366072900055,3871.0,3233.2,4764.0,4549.0,0,66.20325469970703,3552.1,0.0897778794169426,964,1.90287184715271
namibia,15.927129987439116,-24.910282828634333,0.06202447786927223,0.0073063507072240715,0.01391813784096369,3529.5,2944.0,4199.0,3983.0,0,39.589561462402344,3236.75,0.09044566005468369,930,0.9025877714157104
namibia,15.945096293121507,-24.910282828634333,0.05387146398425102,0.0058184953103879635,0.01189150663081841,3493.5,2995.0,4099.0,3907.0,0,293.6451721191406,3244.25,0.076828233897686,928,0.5058534145355225
namibia,15.963062598803898,-24.910282828634333,0.056631337851285934,0.006609418493090801,0.008915500036627432,3770.5,3245.0,4546.0,4298.0,0,273.94036865234375,3507.75,0.07490556687116623,959,1.265143871307373
namibia,15.981028904486289,-24.910282828634333,0.06279665976762772,0.005707166010670828,0.008796838382468286,3826.0,3225.5,4649.0,4389.0,0,250.3026885986328,3525.75,0.08515918254852295,1007,0.6449214816093445
namibia,15.998995210168678,-24.910282828634333,0.0634327232837677,0.00798469464782555,0.00848898591777628,3653.4,3095.0,4522.5,4203.75,0,197.88583374023438,3374.2,0.08274553716182709,997,0.6243236660957336
namibia,16.01696151585107,-24.910282828634333,0.06462680548429489,0.010359087234437835,0.008270829095785,3638.833333333333,3059.6666666666665,4521.0,4177.5,0,222.68197631835938,3349.25,0.08646214008331299,1019,1.0841208696365356
namibia,16.034927821533458,-24.910282828634333,0.06569858640432358,0.016402855853543556,0.010040740692230233,3514.5,3002.6,4419.25,4034.5714285714284,0,222.05499267578125,3258.55,0.07854720950126648,1043,0.8587210774421692
namibia,16.05289412721585,-24.910282828634333,0.06713952869176865,0.019112487142413332,0.010838266190203573,3575.708333333333,3012.0,4526.833333333334,4114.25,0,196.67953491210938,3293.8541666666665,0.08556971698999405,1055,1.391555666923523
namibia,16.07086043289824,-24.910282828634333,0.061955008655786514,0.015458350117091282,0.010633348240910417,3306.6666666666665,2789.0,4458.333333333333,3746.5,0,231.1256103515625,3047.833333333333,0.08492371439933777,1068,4.2409186363220215
namibia,15.909163681756727,-24.89231652295194,0.06391676515340805,0.005873520405993622,0.01747546510443701,3529.5,2936.75,4297.0,4131.0,0,71.26171875,3233.125,0.0916682779788971,932,2.0742461681365967
namibia,15.927129987439116,-24.89231652295194,0.05817592516541481,0.005518903154877833,0.015151454158387074,3525.5,2945.0,4234.5,3988.0,0,3.9416685104370117,3235.25,0.08971486240625381,914,0.23242124915122986
namibia,15.945096293121507,-24.89231652295194,0.06267252564430237,0.0058911055766721595,0.013095286680158772,3509.0,2944.0,4260.0,3998.0,0,254.31753540039062,3226.5,0.08755617588758469,931,0.6969414949417114
namibia,15.963062598803898,-24.89231652295194,0.05762664973735809,0.00865930480386588,0.009035255569080986,3324.5,2833.5,4029.0,3800.0,0,262.9883117675781,3079.0,0.07973367720842361,956,0.9496541023254395
namibia,15.981028904486289,-24.89231652295194,0.05606445297598839,0.010164008972209398,0.009003865103579688,3239.0,2768.0,3890.0,3674.0,0,277.3832702636719,3003.5,0.07840852439403534,990,1.0148550271987915
namibia,15.998995210168678,-24.89231652295194,0.05501673370599747,0.008696127263238894,0.009184586098458168,2903.75,2501.714285714286,3537.333333333333,3272.25,0,215.82362365722656,2702.732142857143,0.07437579333782196,1019,1.5010106563568115
namibia,16.01696151585107,-24.89231652295194,0.06423881649971008,0.012525827305779468,0.009340993810125113,3839.0,3263.375,4668.0,4348.0,0,223.5255584716797,3551.1875,0.08104683458805084,1045,1.2989438772201538
namibia,16.034927821533458,-24.89231652295194,0.06906446069478989,0.017240810343291002,0.011600332566966293,3619.4,3035.8333333333335,4540.666666666667,4140.0,0,230.7222442626953,3327.616666666667,0.08768538385629654,1075,1.2588201761245728
namibia,16.05289412721585,-24.89231652295194,0.06937552243471146,0.017490662020685104,0.011889863435908282,3331.0,2784.25,4164.5,3634.6666666666665,0,241.80909729003906,3057.625,0.08940763026475906,1106,2.391400098800659
namibia,16.07086043289824,-24.89231652295194,0.07412371039390564,0.020413370181299507,0.011115532557942426,3500.5,2879.3,4426.0,3989.5,0,243.71319580078125,3189.9,0.09736981987953186,1207,3.594850778579712
namibia,15.909163681756727,-24.87435021726955,0.06058111786842346,0.007111774586994662,0.018916718911845848,2989.5,2493.5,3567.0,3428.6666666666665,0,82.50422668457031,2741.5,0.09046142548322678,918,2.109758138656616
namibia,15.927129987439116,-24.87435021726955,0.04809200018644333,0.006685409262452419,0.01617473563295967,2532.0,2156.0,2992.5,2804.0,0,278.9657897949219,2344.0,0.08020477741956711,914,0.3719558119773865
namibia,15.945096293121507,-24.87435021726955,0.046487584710121155,0.008386974397663803,0.013616237375593646,2555.0,2209.0,3019.0,2865.0,0,228.32852172851562,2382.0,0.07262804359197617,941,1.1333056688308716
namibia,15.963062598803898,-24.87435021726955,0.05351424589753151,0.010968488746004383,0.008651388815034241,3128.0,2640.0,3860.0,3661.0,0,226.8011932373047,2884.0,0.08460471779108047,967,1.2488757371902466
namibia,15.981028904486289,-24.87435021726955,0.06030239164829254,0.012584944054562905,0.00813769820326998,3518.0,2909.6666666666665,4447.0,4181.5,0,254.43621826171875,3213.833333333333,0.09464295208454132,998,1.8897384405136108
namibia,15.998995210168678,-24.87435021726955,0.05100032687187195,0.009991320792724516,0.008695840153750413,2487.0,2132.0,3328.0,3096.0,0,211.9506072998047,2309.5,0.07685646414756775,1081,2.594311475753784
namibia,16.01696151585107,-24.87435021726955,0.049818698316812515,0.012154380959512346,0.009705413397207884,2304.583333333333,1993.5,2878.625,2652.0,0,185.5172882080078,2149.0416666666665,0.07237721979618073,1084,2.8222575187683105
namibia,16.034927821533458,-24.87435021726955,0.0678115114569664,0.016946079142604185,0.012272208955161826,3609.0,3018.75,4553.0,4240.5,0,215.40121459960938,3313.875,0.08905737102031708,1098,1.3509637117385864
namibia,16.05289412721585,-24.87435021726955,0.07353468239307404,0.01942909811188105,0.012588949355773559,3613.5,2994.5,4554.25,4213.5,0,238.99351501464844,3304.0,0.09367433190345764,1133,1.4906868934631348
namibia,16.07086043289824,-24.87435021726955,0.07843798398971558,0.025049834025834196,0.011564267622882377,3391.0,2766.333333333333,4257.5,3852.0,0,265.3323059082031,3078.6666666666665,0.1014508455991745,1178,1.6023597717285156
australia,119.80830944302059,-23.45501206836071,0.09581214934587479,0.01636708960926959,0.03733080548835658,2057.0,1399.0,2837.5,2518.0,0,26.358226776123047,1728.0,0.19039352238178253,534,0.17790807783603668
australia,119.82627574870298,-23.45501206836071,0.09468252211809158,0.017017815683351326,0.030786426186833995,1798.0,1189.5,2537.3333333333335,2164.5,0,17.2994384765625,1493.75,0.20368200540542603,530,0.1062505841255188
australia,119.84424205438536,-23.45501206836071,0.10613840073347092,0.021447171327249385,0.02898849002108752,2139.5,1450.0,3112.0,2841.5,0,349.7027282714844,1794.75,0.1920880377292633,532,0.08837562799453735
australia,119.86220836006775,-23.45501206836071,0.10864496231079102,0.021052762069434735,0.027879034078262283,2481.0,1532.0,3278.6666666666665,2706.6666666666665,0,0.0,2006.5,0.2364814281463623,531,0.07246018946170807
australia,119.88017466575015,-23.45501206836071,0.10188251733779907,0.018837267902121518,0.02451239485121084,2363.0,1552.0,3415.0,2968.0,0,328.0808410644531,1957.5,0.20715197920799255,532,0.11951552331447601
australia,119.89814097143254,-23.45501206836071,0.1019146516919136,0.020261639282650803,0.024587363632111996,2274.5,1502.0,3076.6666666666665,2547.0,0,329.2644958496094,1888.25,0.204554483294487,535,0.1854628622531891
australia,119.91610727711493,-23.45501206836071,0.1040416955947876,0.01951169867958955,0.024024663659423504,2232.75,1434.0,3192.5,2820.3333333333335,0,318.9092102050781,1833.375,0.21783596277236938,538,0.19228589534759521
australia,119.93407358279732,-23.45501206836071,0.10451819747686386,0.02317180366233012,0.021583214699398775,2355.5,1558.25,3391.0,2996.0,0,297.2942810058594,1956.875,0.20370489358901978,543,0.28442761301994324
australia,119.95203988847972,-23.45501206836071,0.10245814919471741,0.02259976871766182,0.01701214753424119,2577.6666666666665,1680.3333333333333,3614.0,3038.25,0,283.7461853027344,2129.0,0.2107405662536621,554,0.24395054578781128
australia,119.9700061941621,-23.45501206836071,0.10295646637678146,0.021780338691092097,0.018743883972531596,2672.35,1834.6666666666667,3858.25,3229.0,0,350.23394775390625,2253.508333333333,0.18586204946041107,558,0.27939552068710327
australia,119.80830944302059,-23.437045762678316,0.08945787698030472,0.015080839627580198,0.04047881278645895,2138.0,1450.5,3076.0,2780.0,0,25.846460342407227,1794.25,0.19158422946929932,527,0.14492569863796234
australia,119.82627574870298,-23.437045762678316,0.09925157576799393,0.017789908720147723,0.03475282586301051,2345.0,1547.0,3313.0,3001.5,0,342.7027587890625,1946.0,0.2050359696149826,526,0.10624932497739792
australia,119.84424205438536,-23.437045762678316,0.10320381075143814,0.019997587274434233,0.0325108803503543,2126.5,1342.5,2841.0,2353.0,0,334.9618225097656,1734.5,0.22600172460079193,529,0.1119660884141922
australia,119.86220836006775,-23.437045762678316,0.10367804765701294,0.021159216692908208,0.03177551486755244,2284.0,1461.0,3291.6666666666665,2867.0,0,0.0,1872.5,0.21975967288017273,529,0.08695220947265625
australia,119.88017466575015,-23.437045762678316,0.1062019020318985,0.01924466826084155,0.028542872311860677,2422.0,1589.0,3493.0,3038.5,0,351.1497497558594,2005.5,0.207678884267807,529,0.10266657918691635
australia,119.89814097143254,-23.437045762678316,0.09815757721662521,0.018768218512325865,0.021087263190289567,2307.0,1546.0,3354.0,2981.0,0,312.53570556640625,1926.5,0.19750843942165375,530,0.1286180019378662
australia,119.91610727711493,-23.437045762678316,0.09863793849945068,0.020445012392796412,0.021294848507037414,2445.0,1658.0,3695.0,3157.0,0,278.6939392089844,2051.5,0.19181087613105774,535,0.19174876809120178
australia,119.93407358279732,-23.437045762678316,0.09936855733394623,0.021509240104714597,0.019124419938338088,2384.0,1585.0,3509.3333333333335,3017.0,0,287.9427795410156,1984.5,0.2013101577758789,542,0.28224897384643555
australia,119.95203988847972,-23.437045762678316,0.09681104868650436,0.019732017310199215,0.016776866054075065,2478.3125,1644.6666666666667,3544.3333333333335,2921.666666666667,0,299.83099365234375,2061.4895833333335,0.20219501852989197,552,0.1456650197505951
australia,119.9700061941621,-23.437045762678316,0.09937625378370285,0.0179072236631828,0.018467852269238905,2480.153846153846,1681.611111111111,3576.0,3051.166666666667,0,9.519011497497559,2080.8824786324785,0.19187597930431366,550,0.19102618098258972
australia,119.80830944302059,-23.419079456995927,0.08721204102039337,0.016996034416961056,0.054897259179713734,1985.5,1516.0,2998.0,2729.0,0,55.46420669555664,1750.75,0.13408538699150085,525,0.07668814063072205
australia,119.82627574870298,-23.419079456995927,0.0988088920712471,0.019928377560450735,0.05401857785347769,1991.0,1336.0,2878.0,2543.0,0,0.0,1663.5,0.19687406718730927,523,0.07246018946170807
australia,119.84424205438536,-23.419079456995927,0.10025393962860107,0.02193203706904288,0.055677200814393306,2193.0,1406.0,2869.5,2388.0,0,344.75970458984375,1799.5,0.21867185831069946,525,0.12016207724809647
australia,119.86220836006775,-23.419079456995927,0.09997114539146423,0.018066356720664978,0.05555853801816024,2089.0,1344.0,2956.0,2530.0,0,0.0,1716.5,0.21701136231422424,525,0.10144421458244324
australia,119.88017466575015,-23.419079456995927,0.11538775265216827,0.024015342145197804,0.05308790886245983,2368.0,1357.0,3088.0,2501.0,0,328.0877685546875,1862.5,0.27140939235687256,525,0.11950653791427612
australia,119.89814097143254,-23.419079456995927,0.09920112788677216,0.018991279350001052,0.04094853712449674,2431.0,1670.0,3657.0,3144.0,0,296.5884094238281,2050.5,0.18556450307369232,529,0.1942720115184784
australia,119.91610727711493,-23.419079456995927,0.09356143325567245,0.019175999262217774,0.041824583257725804,2456.0,1693.0,3745.6666666666665,3133.0,0,312.53955078125,2074.5,0.18389973044395447,536,0.17147792875766754
australia,119.93407358279732,-23.419079456995927,0.0970718115568161,0.019709266094922642,0.034174447059982876,2316.0,1511.5,3274.0,2852.0,0,307.826904296875,1913.75,0.21018941700458527,537,0.25993332266807556
australia,119.95203988847972,-23.419079456995927,0.09768611192703247,0.021154743690316703,0.028390410593175232,2503.909090909091,1677.5,3526.3333333333335,2995.75,0,331.4140930175781,2090.7045454545455,0.19763889908790588,549,0.26405981183052063
australia,119.9700061941621,-23.419079456995927,0.1030196025967598,0.027697621608016847,0.021073710378311437,2502.1428571428573,1689.7777777777778,3463.4,2852.5,0,28.58591651916504,2095.9603174603176,0.19379304349422455,545,0.19804547727108002
australia,119.80830944302059,-23.401113151313535,0.08492185175418854,0.016076949072099892,0.08048202971935846,2079.0,1433.0,3060.0,2764.5,0,41.079345703125,1756.0,0.18394076824188232,524,0.09612646698951721
australia,119.82627574870298,-23.401113151313535,0.09336159378290176,0.01826151391942107,0.12051533634722363,1924.0,1316.5,2823.0,2494.0,0,39.257015228271484,1620.25,0.18747106194496155,521,0.07486376911401749
australia,119.84424205438536,-23.401113151313535,0.10181540250778198,0.020729918155162376,0.12180050775252262,2166.0,1309.5,2875.0,2441.0,0,352.2436828613281,1737.75,0.2464393675327301,521,0.11700669676065445
australia,119.86220836006775,-23.401113151313535,0.09964318573474884,0.021072221941935153,0.12174466983987035,2325.0,1449.0,3025.0,2571.0,0,351.152099609375,1887.0,0.23211446404457092,522,0.10266592353582382
australia,119.88017466575015,-23.401113151313535,0.11146590113639832,0.021615234096297134,0.12101556063556503,2462.0,1494.0,3325.0,2741.0,0,342.7071228027344,1978.0,0.2446916103363037,522,0.10624679923057556
australia,119.89814097143254,-23.401113151313535,0.09869968891143799,0.018268750796710243,0.11459784243863907,2105.5,1352.0,2996.5,2601.0,0,331.4173278808594,1728.75,0.21793203055858612,524,0.1650330275297165
australia,119.91610727711493,-23.401113151313535,0.09744396805763245,0.016240347934009036,0.10640280422801557,2292.0,1593.0,3443.5,3093.0,0,329.5983581542969,1942.5,0.17992277443408966,527,0.21843001246452332
australia,119.93407358279732,-23.401113151313535,0.09906525164842606,0.019735510768679028,0.09450323289940066,2348.0,1578.0,3377.0,2990.0,0,312.5433654785156,1963.0,0.19612836837768555,531,0.1928984373807907
australia,119.95203988847972,-23.401113151313535,0.10253850370645523,0.023321488034110816,0.030497679878995626,2477.375,1645.0,3478.0,3054.0,0,338.1269836425781,2061.1875,0.20191636681556702,536,0.2967057228088379
australia,119.9700061941621,-23.401113151313535,0.10807126015424728,0.024859005928017104,0.02476131328945747,2119.6666666666665,1261.1333333333332,2902.0,2422.4,0,333.6509704589844,1690.3999999999999,0.2539438307285309,538,0.17789393663406372
australia,119.80830944302059,-23.383146845631146,0.10433468967676163,0.02507181977450336,0.08468880443600228,2136.5,1486.5,3138.5,2792.0,0,28.579450607299805,1811.5,0.17940932512283325,520,0.0990169495344162
australia,119.82627574870298,-23.383146845631146,0.08781248331069946,0.018527475040345014,0.12364319718105746,2222.0,1078.0,2380.0,1901.0,0,39.25324630737305,1650.0,0.3466666638851166,519,0.07485974580049515
australia,119.84424205438536,-23.383146845631146,0.09707552939653397,0.018550335342705296,0.12497450460301479,2039.0,1389.0,2925.0,2585.5,0,10.29186725616455,1714.0,0.189614936709404,517,0.08837410807609558
australia,119.86220836006775,-23.383146845631146,0.1039469987154007,0.023855099499334245,0.12406144077788413,2327.0,1463.0,3044.0,2557.3333333333335,0,351.15325927734375,1895.0,0.22796833515167236,518,0.10266559571027756
australia,119.88017466575015,-23.383146845631146,0.10065232962369919,0.017923488978336774,0.12244349530738834,2513.0,1717.0,3762.5,3348.0,0,351.15325927734375,2115.0,0.18817967176437378,518,0.10266559571027756
australia,119.89814097143254,-23.383146845631146,0.0993732288479805,0.018597723617157804,0.1166146013519903,2394.5,1577.0,3432.6666666666665,3122.0,0,328.8143005371094,1985.75,0.20584161579608917,519,0.1524595022201538
australia,119.91610727711493,-23.383146845631146,0.10395914316177368,0.021861508712262424,0.10872117847546796,2513.75,1633.0,3279.0,2833.5,0,309.2098083496094,2073.375,0.21239525079727173,523,0.18339604139328003
australia,119.93407358279732,-23.383146845631146,0.1086505725979805,0.028902134098381792,0.09517294474283448,2326.6666666666665,1413.5,3075.5,2641.0,0,316.36907958984375,1870.0833333333333,0.24415132403373718,528,0.16017703711986542
australia,119.95203988847972,-23.383146845631146,0.10602964460849762,0.02366390256963111,0.031232734517975494,2356.7,1523.8666666666666,3382.0,2923.5,0,324.0077209472656,1940.2833333333333,0.21461641788482666,530,0.16120217740535736
australia,119.9700061941621,-23.383146845631146,0.09216160327196121,0.020834633737705936,0.02626850597479693,2486.777777777778,1624.0,3430.3333333333335,2836.6666666666665,0,307.4114074707031,2055.3888888888887,0.20988188683986664,534,0.1192692443728447
australia,119.80830944302059,-23.365180539948756,0.08496289700269699,0.018391245518825223,0.09209702536953496,2108.5,1369.0,2913.5,2556.0,0,110.16265106201172,1738.75,0.2126527726650238,518,0.08408824354410172
australia,119.82627574870298,-23.365180539948756,0.12252438813447952,0.030956771937939425,0.128881920113583,2087.0,829.0,1863.0,1424.0,0,39.249481201171875,1458.0,0.4314129054546356,517,0.07485572248697281
australia,119.84424205438536,-23.365180539948756,0.11554542183876038,0.024409627226179727,0.1303024970617938,2004.5,1250.0,2747.5,2405.0,0,28.576221466064453,1627.25,0.2318328469991684,515,0.06600931286811829
australia,119.86220836006775,-23.365180539948756,0.13480842113494873,0.02998653137526565,0.1292279031930341,1819.0,802.0,1847.0,1363.0,0,0.0,1310.5,0.3880198299884796,515,0.07246018946170807
australia,119.88017466575015,-23.365180539948756,0.1288614720106125,0.02892510556841799,0.12632477933616995,1968.0,963.0,2349.0,1904.0,0,0.0,1465.5,0.34288638830184937,515,0.07246018946170807
australia,119.89814097143254,-23.365180539948756,0.11710745096206665,0.029382674832899244,0.11865859540845532,1758.0,820.6666666666666,2078.0,1620.5,0,304.54656982421875,1289.3333333333333,0.3634953498840332,515,0.0766671821475029
australia,119.91610727711493,-23.365180539948756,0.09702816605567932,0.025290027796846623,0.11027137844226566,2572.5,1573.0,3289.0,2863.0,0,304.54656982421875,2072.75,0.24110481142997742,519,0.1533340960741043
australia,119.93407358279732,-23.365180539948756,0.09670017659664154,0.023121298402331545,0.09526945412206193,2148.0,1333.0,2955.0,2493.0,0,308.77227783203125,1740.5,0.23412811756134033,523,0.16199250519275665
australia,119.95203988847972,-23.365180539948756,0.09243167191743851,0.021072276844560416,0.031133290598179986,2211.245454545455,1457.7142857142858,3173.0,2813.3333333333335,0,298.84521484375,1834.4798701298703,0.20538005232810974,527,0.18023191392421722
australia,119.9700061941621,-23.365180539948756,0.07899732142686844,0.014677449672549409,0.027168872614379194,2022.4615384615386,1399.142857142857,2937.0,2601.2,0,312.551025390625,1710.802197802198,0.18217146396636963,533,0.08572041243314743
australia,119.80830944302059,-23.347214234266364,0.08537670969963074,0.03152285328719538,0.09424310933321635,1721.0,1029.0,2296.0,1914.0,0,149.0755615234375,1375.0,0.2516363561153412,522,0.33786675333976746
australia,119.82627574870298,-23.347214234266364,0.0904630497097969,0.02196814580294852,0.13014781755362265,1820.5,962.0,1937.0,1582.0,0,107.01575469970703,1391.25,0.30853548645973206,515,0.14856764674186707
australia,119.84424205438536,-23.347214234266364,0.1071804091334343,0.028893740737191125,0.131379158097347,1425.0,470.0,923.5,578.5,0,35.9849739074707,947.5,0.5039578080177307,513,0.053729210048913956
australia,119.86220836006775,-23.347214234266364,0.03883874788880348,0.03897192445575046,0.12925553782030605,220.0,260.6666666666667,98.83333333333333,75.28571428571429,0,0.0,240.33333333333334,-0.08460471779108047,513,0.05796816572546959
australia,119.88017466575015,-23.347214234266364,-0.0275953970849514,0.04769382602832232,0.1264923072554156,97.0,229.25,41.0,43.833333333333336,0,301.46923828125,163.125,-0.4053639769554138,513,0.055520717054605484
australia,119.89814097143254,-23.347214234266364,0.08351563662290573,0.019525019103036348,0.11895885642888064,1967.0,1299.0,2786.0,2310.0,0,245.3426513671875,1633.0,0.20453153550624847,516,0.06947441399097443
australia,119.91610727711493,-23.347214234266364,0.10057789832353592,0.02343161185675605,0.11065083969666145,2128.0,1286.0,2902.0,2456.0,0,259.5953063964844,1707.0,0.24663151800632477,517,0.0802440419793129
australia,119.93407358279732,-23.347214234266364,0.08187323063611984,0.018023178942489636,0.09479177496115822,1932.4615384615386,1343.5714285714284,2918.3333333333335,2559.25,0,223.62326049804688,1638.0164835164835,0.17975707352161407,521,0.16015659272670746
australia,119.95203988847972,-23.347214234266364,0.08316707611083984,0.020831776801286356,0.030992578591051353,1848.25,1249.0,2708.375,2345.0,0,215.00003051757812,1548.625,0.19347809255123138,524,0.24767984449863434
australia,119.9700061941621,-23.347214234266364,0.07846477627754211,0.019862018675523375,0.02556758892668634,1621.5714285714287,1038.5384615384614,2212.6666666666665,1784.6666666666667,0,227.4451446533203,1330.0549450549452,0.2191762775182724,530,0.3428528904914856
australia,119.80830944302059,-23.329247928583975,0.05650823935866356,0.014704015458303231,0.09372989220079399,1599.0,1262.0,2543.0,2113.0,0,120.1528549194336,1430.5,0.11779098212718964,538,0.8943046927452087
australia,119.82627574870298,-23.329247928583975,0.060572948306798935,0.020513889081769234,0.13017778732004115,1677.0,1021.0,2231.0,1778.0,0,131.44131469726562,1349.0,0.24314306676387787,520,0.5473878979682922
australia,119.84424205438536,-23.329247928583975,0.09664498269557953,0.02429325022524247,0.13156846394578914,1923.0,1133.0,2416.0,1981.0,0,140.75804138183594,1528.0,0.2585078477859497,512,0.2245420664548874
australia,119.86220836006775,-23.329247928583975,0.12401910126209259,0.024167386377807257,0.12951298565947011,2137.5,1046.5,2340.0,1836.0,0,331.43023681640625,1592.0,0.34265074133872986,511,0.033002644777297974
australia,119.88017466575015,-23.329247928583975,0.09619542956352234,0.022705364381720376,0.12672227464498212,2428.0,1425.5,3097.6666666666665,2642.0,0,203.5392303466797,1926.75,0.2601531147956848,513,0.23711013793945312
australia,119.89814097143254,-23.329247928583975,0.07779963314533234,0.019689907113414173,0.11924631097866951,1608.5,1014.0,2464.0,1954.0,0,220.26634216308594,1311.25,0.2266920804977417,517,0.17093026638031006
australia,119.91610727711493,-23.329247928583975,0.07298047095537186,0.016324084102416158,0.11089483504793958,1679.0,1125.5,2417.0,2061.0,0,206.94110107421875,1402.25,0.19736137986183167,520,0.4876771569252014
australia,119.93407358279732,-23.329247928583975,0.06748654693365097,0.01688012003387632,0.09509712674418,1552.7037037037037,1034.7142857142858,2152.6,1770.8,0,199.9520263671875,1293.7089947089949,0.20019549131393433,531,0.9712044596672058
australia,119.95203988847972,-23.329247928583975,0.07623307406902313,0.021235254199411073,0.03008891330051137,1765.2631578947369,1047.4,2119.0,1734.25,0,198.97891235351562,1406.3315789473686,0.25522541999816895,541,0.8734656572341919
australia,119.9700061941621,-23.329247928583975,0.06918346136808395,0.02141643485148097,0.024087112682872724,1647.75,1132.9,2188.8571428571427,1791.55,0,202.468505859375,1390.325,0.18515455722808838,549,1.238725185394287
australia,119.80830944302059,-23.311281622901586,0.018712088465690613,0.00894212409446373,0.09128741481935185,1491.25,1260.0,2371.0,2188.0,0,148.5809783935547,1375.625,0.08405270427465439,553,0.696226954460144
australia,119.82627574870298,-23.311281622901586,0.025285841897130013,0.013252449799724232,0.12844550806190524,1582.0,1393.0,2513.0,2289.0,0,123.26315307617188,1487.5,0.06352940946817398,540,0.5284239053726196
australia,119.84424205438536,-23.311281622901586,0.06301291286945343,0.017109298153871768,0.1303541917161777,1676.3333333333333,1331.2,2469.5,2076.6666666666665,0,104.21595001220703,1503.7666666666667,0.114756278693676,525,0.4720866084098816
australia,119.86220836006775,-23.311281622901586,0.11067592352628708,0.025651257376645902,0.1283475474782191,1973.75,982.3333333333334,2100.5,1673.3333333333333,0,320.76177978515625,1478.0416666666667,0.3353818356990814,511,0.07484368979930878
australia,119.88017466575015,-23.311281622901586,0.0765799805521965,0.01966036805175553,0.12575214030637422,1595.0,1017.5,2118.0,1640.0,0,239.4440460205078,1306.25,0.2210526317358017,528,0.25655537843704224
australia,119.89814097143254,-23.311281622901586,0.0722159743309021,0.0179501043401541,0.11949479265057857,1560.6666666666667,1014.6,2052.0,1595.0,0,227.4375,1287.6333333333334,0.21204276382923126,525,0.4070766866207123
australia,119.91610727711493,-23.311281622901586,0.07097067683935165,0.017690144041301207,0.11112327551498732,1753.0,1119.0,2404.0,1844.0,0,236.8260040283203,1436.0,0.22075209021568298,547,1.1122223138809204
australia,119.93407358279732,-23.311281622901586,0.0713287740945816,0.02538017094825132,0.0953642910833523,1807.3333333333333,1132.125,2227.6,1758.6666666666665,0,210.44155883789062,1469.7291666666665,0.22970502078533173,584,1.0588630437850952
australia,119.95203988847972,-23.311281622901586,0.07453639060258865,0.02317335253683176,0.03110861756849919,1956.4444444444443,1303.75,2639.5,2246.666666666667,0,202.72471618652344,1630.0972222222222,0.20020107924938202,581,1.0211538076400757
australia,119.9700061941621,-23.311281622901586,0.07143451273441315,0.02245424776789407,0.023687261460453204,2005.0833333333333,1360.3333333333333,2726.3333333333335,2129.0,0,208.110595703125,1682.7083333333333,0.19158102571964264,609,0.8707309365272522
mali,-6.315156447360237,13.12438630098621,0.14548587799072266,0.05326070088692479,0.054278409739545196,3528.0,2575.5,5038.5,4034.0,0,159.5245361328125,3051.75,0.15605799853801727,287,0.17016254365444183
mali,-6.297190141677846,13.12438630098621,0.14457662403583527,0.05697617838557945,0.053405416037087455,3632.0,2733.5,5209.0,4451.5,0,314.2413024902344,3182.75,0.1411515176296234,286,0.041543424129486084
mali,-6.279223835995456,13.12438630098621,0.15323491394519806,0.05533892289255075,0.051034357553937704,3520.0,2571.0,4797.5,4000.5,0,287.9844970703125,3045.5,0.1558036506175995,289,0.04693635553121567
mali,-6.261257530313065,13.12438630098621,0.15995365381240845,0.05877275080413255,0.04979860979226796,3601.0,2498.0,4751.5,3906.0,0,0.0,3049.5,0.18084931373596191,289,0.0
mali,-6.243291224630675,13.12438630098621,0.18153029680252075,0.06136510666091914,0.048664003076177305,3276.5,1927.5,4443.0,3262.0,0,27.176883697509766,2602.0,0.25922366976737976,289,0.03258100897073746
mali,-6.225324918948284,13.12438630098621,0.15695931017398834,0.059724439636608694,0.04449875721694513,3562.75,2489.5,4900.25,4021.0,0,64.03713989257812,3026.125,0.17733074724674225,288,0.033102843910455704
mali,-6.207358613265894,13.12438630098621,0.17316001653671265,0.060506283294486485,0.04559556663494468,3628.3333333333335,2548.25,4888.5,4040.0,0,45.758697509765625,3088.291666666667,0.1748674362897873,287,0.041543424129486084
mali,-6.189392307583503,13.12438630098621,0.14943692088127136,0.04548492106945602,0.039702270770895255,3785.0,2708.6666666666665,5290.666666666667,4056.25,0,0.0,3246.833333333333,0.16575124859809875,286,0.014492045156657696
mali,-6.171426001901113,13.12438630098621,0.1484655886888504,0.05682362759699643,0.03526174179397244,3716.75,2776.6,5026.0,4088.0,0,134.24130249023438,3246.675,0.14478659629821777,287,0.02077171392738819
mali,-6.1534596962187225,13.12438630098621,0.17598454654216766,0.061948647473073354,0.03662078625190755,3014.0,1745.0,4267.5,3014.75,0,45.758697509765625,2379.5,0.2666526436805725,285,0.041543424129486084
mali,-6.315156447360237,13.1423526066686,0.15158182382583618,0.0488401764017209,0.052412933447974826,3717.5,2768.0,5042.0,4333.5,0,140.96754455566406,3242.75,0.14640352129936218,300,0.35446593165397644
mali,-6.297190141677846,13.1423526066686,0.19996841251850128,0.06385281342504424,0.0540262327876521,3293.0,1935.5,4384.5,3193.5,0,109.49934387207031,2614.25,0.25963470339775085,287,0.1736629605293274
mali,-6.279223835995456,13.1423526066686,0.19784006476402283,0.05983250991421352,0.04916249045201711,3415.5,2018.0,4579.5,3261.5,0,332.8214416503906,2716.75,0.257200688123703,289,0.06516297906637192
mali,-6.261257530313065,13.1423526066686,0.155879944562912,0.052364633404056476,0.04797992154149268,3683.0,2603.0,5102.0,4157.0,0,27.178569793701172,3143.0,0.17181037366390228,289,0.032581500709056854
mali,-6.243291224630675,13.1423526066686,0.19786828756332397,0.062296164503212834,0.04692281731967069,3493.0,2152.0,4692.5,3654.5,0,14.398514747619629,2822.5,0.2375553548336029,288,0.059848010540008545
mali,-6.225324918948284,13.1423526066686,0.15248623490333557,0.055450293574083584,0.0418942955488137,3705.75,2613.6,4984.25,4086.3333333333335,0,64.03877258300781,3159.675,0.17282631993293762,288,0.033104781061410904
mali,-6.207358613265894,13.1423526066686,0.1508069932460785,0.04863486298638182,0.04277900810300027,3451.6666666666665,2404.4,4884.0,3911.0,0,45.760772705078125,2928.0333333333333,0.1788344830274582,286,0.020772486925125122
mali,-6.189392307583503,13.1423526066686,0.1531486064195633,0.04730328421516148,0.04028868722032513,3570.1428571428573,2418.8571428571427,4929.0,3861.3333333333335,0,270.0,2994.5,0.1922333836555481,287,0.014882097952067852
mali,-6.171426001901113,13.1423526066686,0.14395326375961304,0.045164730550482285,0.029007107912607,3698.4166666666665,2706.6666666666665,5137.25,4407.75,0,90.0,3202.5416666666665,0.1548379510641098,287,0.044646285474300385
mali,-6.1534596962187225,13.1423526066686,0.14500486850738525,0.046172172551498816,0.026345019313697447,3334.6666666666665,2391.625,4645.0,3458.0,0,64.03877258300781,2863.145833333333,0.16468627750873566,284,0.033104781061410904
mali,-6.315156447360237,13.160318912350991,0.1668350249528885,0.05135935972248064,0.04836755099284293,2926.5,1742.0,4194.5,3049.0,0,127.13801574707031,2334.25,0.2537217438220978,306,0.16802683472633362
mali,-6.297190141677846,13.160318912350991,0.17873339354991913,0.055945148147216815,0.04912249729877276,2651.5,1306.5,3820.0,2645.0,0,117.02356719970703,1979.0,0.3398180902004242,290,0.35084858536720276
mali,-6.279223835995456,13.160318912350991,0.1787658929824829,0.057990821921567556,0.042819686040938346,3440.0,2510.5,5002.0,4178.0,0,57.010520935058594,2975.25,0.15620535612106323,285,0.0532321035861969
mali,-6.261257530313065,13.160318912350991,0.15391916036605835,0.05146501234974642,0.041567067508012145,3600.0,2544.0,4936.0,4124.0,0,0.0,3072.0,0.171875,287,0.028984088450670242
mali,-6.243291224630675,13.160318912350991,0.1708860844373703,0.05539447700944762,0.04051770633068218,3696.25,2480.75,5037.333333333334,4243.0,0,0.0,3088.5,0.19677837193012238,285,0.05796816572546959
mali,-6.225324918948284,13.160318912350991,0.1508815437555313,0.0564756210381089,0.03286582755773231,3943.8333333333335,2998.3333333333335,5321.5,4480.0,0,345.6004943847656,3471.0833333333335,0.13619667291641235,287,0.059848278760910034
mali,-6.207358613265894,13.160318912350991,0.16031356155872345,0.05312074764881984,0.03428608487951747,3570.8,2472.0,5158.333333333333,4081.0,0,27.18025779724121,3021.4,0.18183623254299164,286,0.03258199244737625
mali,-6.189392307583503,13.160318912350991,0.15110497176647186,0.053810643959788136,0.03569127754306364,3658.0,2567.6666666666665,5062.0,4071.2,0,341.1023864746094,3112.833333333333,0.17513519525527954,286,0.04595304653048515
mali,-6.171426001901113,13.160318912350991,0.1425871104001999,0.05436412539612272,0.02631682605425932,3652.5,2724.3333333333335,5348.75,4627.333333333333,0,45.762847900390625,3188.416666666667,0.14555291831493378,287,0.04154651612043381
mali,-6.1534596962187225,13.160318912350991,0.13580869138240814,0.04867026443616615,0.02540952749713226,3467.3333333333335,2556.8,4918.0,3979.0,0,72.01795196533203,3012.0666666666666,0.15114760398864746,284,0.04694250971078873
mali,-6.315156447360237,13.17828521803338,0.16236969828605652,0.047858862686222525,0.047047618080536334,3322.5,2208.5,4694.5,3867.0,0,86.72205352783203,2765.5,0.2014102339744568,307,0.25344541668891907
mali,-6.297190141677846,13.17828521803338,0.158724844455719,0.04622313211617578,0.04809219434202711,3658.0,2500.0,4959.0,4228.0,0,120.29302215576172,3079.0,0.18804806470870972,298,0.3447555601596832
mali,-6.279223835995456,13.17828521803338,0.155414879322052,0.048006228261275666,0.04256199381110259,3528.0,2373.5,4797.0,3952.5,0,139.00758361816406,2950.75,0.19562822580337524,287,0.24959760904312134
mali,-6.261257530313065,13.17828521803338,0.14787185192108154,0.05943109755806487,0.04124630084419213,3422.0,2524.0,5117.5,4459.0,0,90.0,2973.0,0.1510259062051773,287,0.04465276747941971
mali,-6.243291224630675,13.17828521803338,0.14379051327705383,0.04500383114551597,0.04038879195396224,3217.875,2233.6666666666665,4962.666666666666,3916.0,0,72.01917266845703,2725.770833333333,0.180537611246109,284,0.04694559425115585
mali,-6.225324918948284,13.17828521803338,0.1574399471282959,0.05503992439922628,0.0327765624251376,3668.0,2724.0,5334.2,4553.5,0,0.0,3196.0,0.14768460392951965,284,0.0
mali,-6.207358613265894,13.17828521803338,0.16476570069789886,0.05128475690230513,0.0335917741434271,3350.0,2188.0,4911.8,3665.5,0,180.0,2769.0,0.20982304215431213,284,0.08695220947265625
mali,-6.189392307583503,13.17828521803338,0.14399175345897675,0.06739808047405274,0.035293174840843676,3718.25,2787.5,5223.75,4496.833333333333,0,332.81805419921875,3252.875,0.14306575059890747,284,0.03258248791098595
mali,-6.171426001901113,13.17828521803338,0.14511699974536896,0.0522703521949043,0.02532908790911347,3782.3333333333335,2825.4285714285716,5367.8,4558.666666666667,0,14.400518417358398,3303.8809523809523,0.14481526613235474,285,0.05984855070710182
mali,-6.1534596962187225,13.17828521803338,0.1312979906797409,0.03723213900096446,0.024468987250106673,3336.6666666666665,2345.0,5131.285714285715,4083.5,0,45.764930725097656,2840.833333333333,0.17453798651695251,283,0.04154806211590767
mali,-6.315156447360237,13.196251523715771,0.14397238194942474,0.04216352154332069,0.04814008625447702,3435.0,2336.5,4688.5,3962.0,0,343.64471435546875,2885.75,0.19033180177211761,305,0.21144400537014008
mali,-6.297190141677846,13.196251523715771,0.12840503454208374,0.04064137841003004,0.048769926597678995,3205.5,2366.0,4789.0,3901.5,0,50.155147552490234,2785.75,0.15067756175994873,302,0.1357119232416153
mali,-6.279223835995456,13.196251523715771,0.1532428115606308,0.045252519466052486,0.04398964537162508,3474.0,2425.0,4928.0,4057.0,0,104.55387115478516,2949.5,0.17782674729824066,298,0.23068104684352875
mali,-6.261257530313065,13.196251523715771,0.1547151505947113,0.051121706965850965,0.043396106713506806,3676.0,2635.5,5219.0,4428.0,0,90.0,3155.75,0.16485780477523804,287,0.208393856883049
mali,-6.243291224630675,13.196251523715771,0.18929500877857208,0.0724752623615717,0.04311798204252294,3184.0,1634.0,4688.5,3305.5,0,180.0,2409.0,0.3217102587223053,284,0.07246018946170807
mali,-6.225324918948284,13.196251523715771,0.16255150735378265,0.04852144660670356,0.036850266512309715,3588.5,2311.8,4904.5,3834.3333333333335,0,229.5729522705078,2950.15,0.2163788229227066,287,0.15643377602100372
mali,-6.207358613265894,13.196251523715771,0.15049980580806732,0.04705873874886264,0.034315387302538795,3916.5,2711.75,5308.0,4553.333333333333,0,158.93446350097656,3314.125,0.18175989389419556,292,0.12423909455537796
mali,-6.189392307583503,13.196251523715771,0.14580276608467102,0.04210694500389037,0.03171737536910292,3578.6,2458.3333333333335,5421.75,4198.5,0,107.97959899902344,3018.4666666666667,0.18556882441043854,284,0.14084579050540924
mali,-6.171426001901113,13.196251523715771,0.14871284365653992,0.04881545084105084,0.021061184149379818,3651.0,2519.6666666666665,5287.25,4178.6,0,45.76701354980469,3085.333333333333,0.18334053456783295,283,0.04154961556196213
mali,-6.1534596962187225,13.196251523715771,0.14203400909900665,0.0496587162884388,0.02063671265062306,3609.0,2594.0,5297.5,4082.0,0,0.0,3101.5,0.16363050043582916,282,0.0
mali,-6.315156447360237,13.214217829398162,0.1507887840270996,0.04331245891033811,0.049959774271334904,3922.5,2768.5,5150.5,4457.0,0,17.539958953857422,3345.5,0.17247048020362854,293,0.19758203625679016
mali,-6.297190141677846,13.214217829398162,0.14103539288043976,0.04202355606315477,0.049797525781708464,3418.0,2458.5,4994.5,4181.0,0,7.798810005187988,2938.25,0.16327746212482452,292,0.2194090187549591
mali,-6.279223835995456,13.214217829398162,0.15159575641155243,0.04970492731485535,0.050570458364003264,3827.0,2652.0,4958.0,4315.5,0,25.028587341308594,3239.5,0.18135514855384827,291,0.1759326457977295
mali,-6.261257530313065,13.214217829398162,0.14772899448871613,0.0435710943608161,0.05162509123332127,3395.0,2350.0,4854.0,3959.0,0,134.23089599609375,2872.5,0.18189729750156403,287,0.041551169008016586
mali,-6.243291224630675,13.214217829398162,0.15111099183559418,0.052178387766979265,0.05133736552507832,3826.5,2822.0,5317.5,4509.0,0,219.41236877441406,3324.25,0.1510867178440094,289,0.09378784149885178
mali,-6.225324918948284,13.214217829398162,0.14503154158592224,0.045166154551512294,0.047352768153282876,3434.3333333333335,2360.2,5046.5,3978.4,0,225.76910400390625,2897.2666666666664,0.18537011742591858,291,0.062326740473508835
mali,-6.207358613265894,13.214217829398162,0.1469445526599884,0.04389309067250142,0.044256483358501374,3768.4,2632.0,5171.5,4513.0,0,53.86567687988281,3200.2,0.17755140364170074,292,0.0737282782793045
mali,-6.189392307583503,13.214217829398162,0.14191779494285583,0.043519662726113184,0.042353730897795476,3931.5,2857.3333333333335,5435.5,4613.5,0,122.98377227783203,3394.416666666667,0.15822552144527435,287,0.15972045063972473
mali,-6.171426001901113,13.214217829398162,0.155965656042099,0.0472139764426382,0.037053294717268925,3464.3333333333335,2330.3333333333335,5094.25,3974.6666666666665,0,115.95467376708984,2897.3333333333335,0.19569718837738037,283,0.06622510403394699
mali,-6.1534596962187225,13.214217829398162,0.1535426378250122,0.053434140259063304,0.030121694227014627,3690.8,2715.0,5417.714285714285,4329.833333333333,0,207.18533325195312,3202.9,0.1523306965827942,283,0.03258347883820534
mali,-6.315156447360237,13.232184135080551,0.15800049901008606,0.050576783999805246,0.04051768067084939,3469.0,2423.0,4983.0,4157.0,0,95.85050964355469,2946.0,0.17752885818481445,292,0.2843414545059204
mali,-6.297190141677846,13.232184135080551,0.147048681974411,0.042912494767449454,0.0434987537734844,3407.0,2421.0,4956.0,4251.0,0,90.0,2914.0,0.16918325424194336,287,0.07443751394748688
mali,-6.279223835995456,13.232184135080551,0.14972582459449768,0.04397872184525138,0.044286784866127485,3472.0,2397.5,4928.0,4273.5,0,295.9530334472656,2934.75,0.1830649971961975,287,0.033114515244960785
mali,-6.261257530313065,13.232184135080551,0.15768077969551086,0.05231931535255907,0.04592670054863776,3460.0,2409.5,4974.5,4255.5,0,192.85948181152344,2934.75,0.17897605895996094,289,0.13378362357616425
mali,-6.243291224630675,13.232184135080551,0.1618729829788208,0.052752749963074386,0.046136570146418296,3582.5,2439.0,4838.0,4120.5,0,184.89300537109375,3010.75,0.18990284204483032,289,0.17454008758068085
mali,-6.225324918948284,13.232184135080551,0.1551940143108368,0.05153248217596295,0.045924729911051426,3697.6666666666665,2550.4,4976.666666666667,4139.0,0,180.0,3124.0333333333333,0.18361946940422058,290,0.30433011054992676
mali,-6.207358613265894,13.232184135080551,0.15077632665634155,0.045647482214399106,0.04387120879445457,3912.6666666666665,2728.5,5171.0,4457.0,0,180.0,3320.583333333333,0.17830702662467957,289,0.23187147080898285
mali,-6.189392307583503,13.232184135080551,0.15142619609832764,0.05147034148305207,0.0425496947220606,4080.5,2939.0,5351.0,4734.0,0,155.45985412597656,3509.75,0.16261841356754303,290,0.14337953925132751
mali,-6.171426001901113,13.232184135080551,0.13441354036331177,0.04063257456608505,0.03803184026130039,3643.6,2681.0,5399.2,4391.333333333333,0,134.22882080078125,3162.3,0.15219934284687042,285,0.1246579959988594
mali,-6.1534596962187225,13.232184135080551,0.14074824750423431,0.04648750363228974,0.03263370417105415,3582.0,2594.0,5206.25,4200.0,0,168.38970947265625,3088.0,0.1599740982055664,284,0.07397376000881195
mali,-6.315156447360237,13.250150440762942,0.16653499007225037,0.05731400174291867,0.041406042326314986,3550.0,2513.0,4832.5,3918.0,0,162.6367950439453,3031.5,0.1710374355316162,295,0.3492264151573181
mali,-6.297190141677846,13.250150440762942,0.1672755926847458,0.059359341958364356,0.04348575591869,3425.0,2141.0,4608.5,3471.0,0,169.604248046875,2783.0,0.23068630695343018,292,0.4125422239303589
mali,-6.279223835995456,13.250150440762942,0.18050257861614227,0.0623481766085788,0.04507349067134869,3149.5,1838.5,4487.0,3305.5,0,188.06541442871094,2494.0,0.26283079385757446,290,0.42446017265319824
mali,-6.261257530313065,13.250150440762942,0.17959919571876526,0.05755120214863317,0.047362470986334296,2893.0,1583.5,4072.5,2852.0,0,231.46653747558594,2238.25,0.2925276458263397,296,0.20936402678489685
mali,-6.243291224630675,13.250150440762942,0.15716102719306946,0.04954215263694955,0.046145778011498634,3016.5,1884.0,4348.5,3317.5,0,244.04861450195312,2450.25,0.23109886050224304,301,0.2649298906326294
mali,-6.225324918948284,13.250150440762942,0.14869925379753113,0.045892549384310824,0.045623550916224505,3704.1666666666665,2632.0,5168.833333333334,4536.0,0,200.7317657470703,3168.083333333333,0.16921377182006836,312,0.2944101393222809
mali,-6.207358613265894,13.250150440762942,0.1514436900615692,0.042011895319188176,0.04420222211177362,3769.4285714285716,2609.6666666666665,5199.5,4626.5,0,150.4545135498047,3189.5476190476193,0.18180663883686066,308,0.48307645320892334
mali,-6.189392307583503,13.250150440762942,0.15191586315631866,0.043925926087946064,0.041518817538872696,4119.0,2948.0,5353.0,4659.2,0,129.3406524658203,3533.5,0.16569973528385162,296,0.36576539278030396
mali,-6.171426001901113,13.250150440762942,0.15580837428569794,0.05781692069379751,0.03697455268251936,4102.625,3023.285714285714,5480.0,4720.75,0,158.62579345703125,3562.955357142857,0.15146686136722565,289,0.32680749893188477
mali,-6.1534596962187225,13.250150440762942,0.14312922954559326,0.044780128502712215,0.03147407934097822,4364.0,3269.6,5645.714285714285,5046.6,0,167.795654296875,3816.8,0.14336617290973663,288,0.28171342611312866
mali,-6.315156447360237,13.268116746445333,0.16838853061199188,0.061196873808138506,0.042227122749089546,2857.0,1625.0,4041.0,2778.5,0,189.71707153320312,2241.0,0.27487727999687195,315,0.2646518647670746
mali,-6.297190141677846,13.268116746445333,0.16462019085884094,0.05781645646080593,0.04146922062723968,2722.5,1477.5,3853.5,2629.5,0,182.80099487304688,2100.0,0.2964285612106323,315,0.30469411611557007
mali,-6.279223835995456,13.268116746445333,0.1776455044746399,0.05739421297673261,0.04104168127838537,2859.0,1504.5,3945.5,2687.0,0,142.78656005859375,2181.75,0.31041595339775085,316,0.4185285270214081
mali,-6.261257530313065,13.268116746445333,0.1538277268409729,0.04668418634075025,0.04382545034977703,3700.5,2581.5,4714.0,4029.5,0,125.64673614501953,3141.0,0.17812798917293549,298,0.3481314778327942
mali,-6.243291224630675,13.268116746445333,0.15201984345912933,0.04620258010917431,0.04300684228778204,3167.5,2164.0,4559.5,3726.0,0,289.4901428222656,2665.75,0.18822094798088074,297,0.1737416535615921
mali,-6.225324918948284,13.268116746445333,0.1643192172050476,0.05496283774352768,0.04288753911784416,3015.0,1542.3333333333333,3926.0,2712.25,0,302.97802734375,2278.6666666666665,0.3231422007083893,309,0.3727342188358307
mali,-6.207358613265894,13.268116746445333,0.1766686886548996,0.05263823345570632,0.0410864186201822,3099.75,1708.5,4136.5,2898.6,0,23.76537322998047,2404.125,0.2893464267253876,318,0.11084333062171936
mali,-6.189392307583503,13.268116746445333,0.1551213562488556,0.04004766454148027,0.037449061351750114,3633.230769230769,2354.3333333333335,4788.25,4020.0,0,85.3630142211914,2993.7820512820513,0.2135922759771347,306,0.17926239967346191
mali,-6.171426001901113,13.268116746445333,0.16288594901561737,0.04538842313974912,0.03760698506045178,3151.5,1766.4117647058824,4331.25,3186.4,0,148.3477020263672,2458.9558823529414,0.28164154291152954,306,0.0851222574710846
mali,-6.1534596962187225,13.268116746445333,0.15974687039852142,0.04672662104598571,0.03263012272239163,3702.0,2416.4,4970.75,4109.0,0,123.97283935546875,3059.2,0.210120290517807,303,0.23340681195259094
