location,longitude,latitude,NDVI_Landsat_mean,NDVI_Landsat_std,NDVI_texture,NIR,Red,SWOIR1,SWOIR2,TPI,aspect,brightness,current_NDVI,elevation,slope,pca_feature_1,pca_feature_2,pca_feature_3,pca_feature_4,pca_feature_5
namibia,15.909163681756729,-25.018080662728675,0.0761999934911727,0.0138090015747026,0.0114359505875101,3698.4,2995.8333333333335,4726.833333333333,4346.25,0,63.85688018798828,3347.116666666667,0.1049510240554809,1064,0.427568644285202,2.484575234578906,-1.0102869761393005,-1.1969991028344282,-0.48908222983075944,0.5326319905508288
namibia,15.927129987439116,-25.018080662728675,0.0750557407736778,0.0113515994349296,0.0119921675620287,3693.0,2984.375,4731.5,4427.0,0,332.7514343261719,3338.6875,0.1061232909560203,1053,0.2445133775472641,2.3136366343775805,-1.4330741235738917,0.9373720019603404,-1.2591735827118096,0.6999330214386055
namibia,15.945096293121509,-25.018080662728675,0.0774009674787521,0.0108144086771766,0.0150425393456388,3691.5,2988.75,4776.0,4456.0,0,343.1462097167969,3340.125,0.1051981598138809,1071,0.7722181081771851,2.400680311593397,-1.6512739182256482,1.0819136118127834,-0.7687378671290209,0.6371299977259751
namibia,15.963062598803898,-25.018080662728675,0.0761431083083152,0.0158191948968545,0.0169186839089046,3731.0,3054.4545454545455,4829.666666666667,4488.5,0,22.998912811279297,3392.727272727273,0.0997052490711212,1067,1.4323562383651731,2.7890142273999015,-1.2435088851799636,-1.3996498228266607,0.5415859366175356,0.2793346905203153
namibia,15.981028904486289,-25.018080662728675,0.0633336156606674,0.0182347649751686,0.0173168461578708,3513.8,2950.8333333333335,4517.333333333333,4179.666666666667,0,26.3443603515625,3232.3166666666666,0.0870840847492218,1036,1.2611790895462036,2.286648292450287,-1.4214498503063167,-1.464524608965566,0.3285802763205634,-0.016767061683775154
namibia,15.998995210168678,-25.018080662728675,0.0446849651634693,0.0175401337551634,0.0161647653707614,2702.416666666667,2403.5,3586.333333333333,3364.0,0,323.2389221191406,2552.9583333333335,0.0585431940853595,1032,1.1756408214569092,0.4601486547938883,-2.7055030545342933,0.7430511192462546,-0.36416655477694626,-0.5981438278949343
namibia,16.01696151585107,-25.018080662728675,0.0497657321393489,0.0100335493293502,0.013880917478714,2446.0,2100.5,3299.3333333333335,3032.25,0,325.0291442871094,2273.25,0.0759925246238708,1080,2.5096957683563232,-0.023484490790257426,-3.546909851071457,0.8937646464634046,1.069700043625062,-0.5785663019450255
namibia,16.034927821533458,-25.018080662728675,0.0563090294599533,0.0151451617878203,0.009919559376371,2563.4,2201.0,3534.25,3234.3333333333335,0,354.57708740234375,2382.2,0.0760641396045684,1122,5.399239540100098,0.774635134722542,-4.485297940891476,1.6251008248115055,3.9338004474278603,-1.1401356690337758
namibia,16.05289412721585,-25.018080662728675,0.0584082268178463,0.0149026852752384,0.0100839129398836,2488.625,2125.0,3359.333333333333,3005.583333333333,0,338.9514465332031,2306.8125,0.0788154676556587,1112,6.033572673797607,0.5875344614729283,-4.744969634721035,1.581569042455564,4.649229927599086,-1.290819910308914
namibia,16.07086043289824,-25.018080662728675,0.0612194314599037,0.0108771310779108,0.0113198454194149,2291.3333333333335,1937.5,2981.3333333333335,2674.5,0,356.27703857421875,2114.416666666667,0.0836716219782829,1258,6.134078025817871,0.07509252327962464,-5.2468426361399265,1.6533289076643818,4.799007740536473,-1.1461043332430911
namibia,15.909163681756729,-25.00011435704629,0.0754483789205551,0.0131151026885611,0.010865131707091,3901.0,3169.0,4949.5,4617.0,0,30.378408432006836,3535.0,0.1035360693931579,1036,0.5375328063964844,3.0002524578105496,-0.8625718197486014,-1.4382523619164567,-0.3975354847422223,0.5963777007699086
namibia,15.927129987439116,-25.00011435704629,0.0732317641377449,0.0111232536706551,0.0109042987277115,3790.0,3105.6666666666665,4788.0,4559.0,0,176.61709594726562,3447.833333333333,0.0992410704493522,1043,0.81291663646698,2.7564051347936442,-1.3847404709709754,-0.26053249151765445,-0.45190500118897076,0.5479894285486684
namibia,15.945096293121509,-25.00011435704629,0.0723010227084159,0.0105652953405813,0.013404392338847,3684.142857142858,3029.5714285714284,4684.0,4397.5,0,123.81639862060548,3356.857142857143,0.0974976569414138,1033,0.442668616771698,2.46381677058948,-1.2280095766315184,-0.7694952228829244,-0.704827859707555,0.5421414801665135
namibia,15.963062598803898,-25.00011435704629,0.0702047199010849,0.0123230266223676,0.0151246962073501,3609.0,2982.4,4563.333333333333,4323.75,0,57.08340072631836,3295.7,0.0950632616877555,1020,0.6666783690452576,2.349424293026696,-1.2199031378664416,-1.2912102286392984,-0.3383204530243546,0.36899619288596225
namibia,15.981028904486289,-25.00011435704629,0.066822700202465,0.0133014180578788,0.0153474452381718,3606.714285714286,3017.1428571428573,4635.8,4329.5,0,32.85851287841797,3311.9285714285716,0.0890072658658027,998,0.7073030471801758,2.4256111508771654,-1.182049505257548,-1.4883096374351412,-0.29033457429481,0.2595527851126291
namibia,15.998995210168678,-25.00011435704629,0.0612722150981426,0.0131434540177693,0.0142473417458588,3567.0,3035.1428571428573,4542.25,4250.5,0,347.94476318359375,3301.0714285714284,0.0805582627654075,996,0.918690025806427,2.2273644104616923,-1.9254114846888752,1.060300657459252,-0.7765369882094191,0.18837554848550164
namibia,16.01696151585107,-25.00011435704629,0.0565658062696456,0.0119510253550869,0.012725498067301,3391.866666666667,2930.75,4300.166666666667,4002.6,0,344.1594543457031,3161.3083333333334,0.0729313045740127,1010,1.5813292264938354,1.9623191108695681,-2.438978536100686,1.0627250225687328,-0.12225906513191129,-0.05809649971049979
namibia,16.034927821533458,-25.00011435704629,0.065527431666851,0.01817901978188,0.0095429612831604,3499.0,2983.625,4522.6,4146.666666666667,0,343.9026184082031,3241.3125,0.0795009732246398,1023,1.9600822925567627,2.2941412630492914,-2.232405120671653,1.2423615895594406,0.38006760804214434,-0.17216062684633085
namibia,16.05289412721585,-25.00011435704629,0.0612810030579566,0.0160757293801223,0.0091772789252797,2863.0,2430.25,3591.083333333333,3278.5,0,328.9577941894531,2646.625,0.0817550644278526,1044,1.674048662185669,0.64730559768908,-2.677960385166744,0.9740873118982465,0.30574519777634335,-0.3833766624013658
namibia,16.07086043289824,-25.00011435704629,0.0553046949207782,0.0135858552536984,0.0105574240360369,2817.416666666667,2407.083333333333,3365.0,3113.666666666667,0,348.3109436035156,2612.25,0.0785402134060859,1077,3.31127405166626,0.6902570993401937,-3.6203218458031095,1.2727216911469472,1.8356536045364857,-0.6516813941437478
namibia,15.909163681756729,-24.982148051363893,0.0601086318492889,0.0090658353839253,0.0096158543997236,2547.0,2089.0,3340.0,3020.0,0,268.2977600097656,2318.0,0.0987920612096786,1032,0.9756317734718324,-0.18761677830294246,-2.5863465319601855,0.32365652678047513,-0.1911111056415478,-0.08300534629264342
namibia,15.927129987439116,-24.982148051363893,0.0666118487715721,0.0083799542755462,0.0095943877804117,3461.0,2842.3333333333335,4402.666666666667,4037.0,0,237.07962036132812,3151.666666666667,0.0981491282582283,1109,1.0665016174316406,1.9926555066440552,-2.0618772711614413,0.17144089816151292,-0.26651183034681514,0.44541733958891433
namibia,15.945096293121509,-24.982148051363893,0.077533483505249,0.0123087719668082,0.011568833185512,4024.0,3290.2,5066.25,4724.25,0,120.18759155273438,3657.1,0.1003253981471061,1088,1.239101529121399,3.3606336774348278,-1.300711599149786,-0.6223080506685648,0.07324611216907098,0.5864469002298421
namibia,15.963062598803898,-24.982148051363893,0.071862556040287,0.0087541312324242,0.0128647210216919,3833.5,3193.0,4807.0,4566.0,0,109.33430480957033,3513.25,0.0911549106240272,1042,1.5753991603851318,3.026107833341196,-1.6540953607897633,-0.7502443689114819,0.35062037557395925,0.4089329307888709
namibia,15.981028904486289,-24.982148051363893,0.0640152022242546,0.011032082460096,0.0130094238413812,3425.5,2857.5,4300.0,4098.0,0,101.38835144042967,3141.5,0.0904026702046394,995,1.174124240875244,1.9893318576333536,-1.7111219618854372,-0.9120999589702566,0.06272313591930906,0.15524215487958237
namibia,15.998995210168678,-24.982148051363893,0.0640349835157394,0.0256867090395038,0.0121008524814678,2953.2,2507.25,3523.4,3157.0,0,42.5948371887207,2730.225,0.0816690921783447,970,0.4724545180797577,0.6219883718511171,-1.33432227954287,-1.4189773986214442,-0.19945423767422968,-0.5270178036762224
namibia,16.01696151585107,-24.982148051363893,0.0587363950908184,0.0139728110632049,0.0111045771905531,2718.5833333333335,2343.5,3208.6666666666665,2950.7,0,331.11761474609375,2531.041666666667,0.0740966349840164,975,0.7281934022903442,0.02556083991019372,-2.4686661277596182,0.7989928101202054,-0.6603306238604292,-0.3723210643721887
namibia,16.034927821533458,-24.982148051363893,0.0561047531664371,0.0178539018372309,0.0088597743505803,3112.25,2659.8,3879.5,3590.6,0,315.72607421875,2886.025,0.0783863589167594,992,0.870252788066864,1.127965616006518,-2.1345956833369937,0.7837985978543339,-0.5707056343790233,-0.23038576699894234
namibia,16.05289412721585,-24.982148051363893,0.0576030984520912,0.0137969102106922,0.0082064028290022,3051.6666666666665,2575.5,3644.0,3403.0,0,317.7428283691406,2813.583333333333,0.0846192613244056,1013,0.9984943270683287,0.8729553962583206,-2.3744786488875125,0.7774744911916371,-0.41802669626667155,-0.11771450613545396
namibia,16.07086043289824,-24.982148051363893,0.0524854846298694,0.0184628586400328,0.0097536241453976,2660.2,2298.3333333333335,3146.6666666666665,2910.666666666667,0,330.0439453125,2479.2666666666664,0.0729785710573196,1034,1.120537519454956,0.006857343757044633,-2.704158645111935,0.847327678438558,-0.22942854129902573,-0.563530095699377
namibia,15.909163681756729,-24.964181745681504,0.0764409676194191,0.0079200129910414,0.0095335969616641,4246.0,3502.0,5294.5,4896.0,0,293.7647705078125,3874.0,0.0960247814655304,1038,0.6113298535346985,3.6689925385942774,-1.2958163113082997,0.6882764803740196,-1.0341292567792286,0.8855344482748165
namibia,15.927129987439116,-24.964181745681504,0.0769099667668342,0.0071582296405961,0.0084471455219258,4292.0,3526.4,5419.0,5017.666666666667,0,336.8420715332031,3909.2,0.0979228466749191,1083,1.5443103313446045,3.958724616748118,-1.758818358514496,1.16789076273323,-0.20753371472467036,0.8296707053601398
namibia,15.945096293121509,-24.964181745681504,0.0771805718541145,0.0086418820595008,0.0096617643433849,4301.0,3530.5,5474.666666666667,5069.0,0,19.73996353149414,3915.75,0.0983847305178642,1076,1.2777256965637207,4.134743473093226,-1.0507092310227923,-1.4275063597916602,0.18349838529283086,0.7791195539458721
namibia,15.963062598803898,-24.964181745681504,0.076912797987461,0.0085890013492634,0.0097683172945381,4258.333333333333,3506.5,5425.0,5035.0,0,57.841270446777344,3882.4166666666665,0.0968254283070564,1056,1.1705999374389648,4.006473164702302,-1.0768418092328331,-1.136997423297655,-0.0025413550368601286,0.7579123904389246
namibia,15.981028904486289,-24.964181745681504,0.0764745324850082,0.0106078642888603,0.0097288394355513,4250.5,3516.0,5437.0,5108.2,0,84.45231628417969,3883.25,0.0945728421211242,1014,1.3489058017730713,4.036708306275418,-1.0796932862757636,-0.8734601500706175,0.11413125424572493,0.625420811063681
namibia,15.998995210168678,-24.964181745681504,0.0678705647587776,0.0140806081129649,0.0090139548400953,3672.090909090909,3130.4285714285716,4454.5,4213.857142857143,0,95.39450073242188,3401.2597402597403,0.0796267241239547,972,0.7707018852233887,2.497583398703202,-1.3239222287188697,-0.9539729783197897,-0.3612381547591469,0.13374017120882029
namibia,16.01696151585107,-24.964181745681504,0.0556784309446811,0.0133393919849852,0.0081774658287624,2812.0,2418.6,3376.770833333333,3115.0,0,299.5353088378906,2615.3,0.0752112567424774,966,0.1469898521900177,0.23601014924133598,-2.156748597145148,0.47580040656714834,-1.2139193432148976,-0.20249525793647463
namibia,16.034927821533458,-24.964181745681504,0.0594286173582077,0.0141943005764669,0.0074986388414125,2889.0,2460.8,3668.0,3422.0,0,296.7312927246094,2674.9,0.0800403729081153,980,0.4832639992237091,0.6089636359968552,-2.107927048221224,0.5512369147002908,-0.8684645882672848,-0.16573239709637377
namibia,16.05289412721585,-24.964181745681504,0.0554814264178276,0.0133041629866899,0.0081920712105053,2861.375,2456.75,3526.5,3267.0,0,305.9507751464844,2659.0625,0.0760841444134712,993,0.5924079418182373,0.49348984025653037,-2.3210489969671837,0.594491669473852,-0.806325884324474,-0.21375307618561268
namibia,16.07086043289824,-24.964181745681504,0.0656596571207046,0.0192186495760272,0.0097385742760157,3784.25,3260.3333333333335,4359.0,4081.3333333333335,0,302.39825439453125,3522.291666666667,0.0743715614080429,1010,0.7572840452194214,2.5058976014063408,-1.6321261766605661,0.7368109498059362,-0.7757572125700897,0.05088885977456209
namibia,15.909163681756729,-24.94621543999911,0.0737383738160133,0.0066293786815563,0.0107956623173453,4090.0,3387.0,5179.8,4822.0,0,17.335874557495117,3738.5,0.094021663069725,1015,0.8045762777328491,3.553810494207842,-1.0189742080958126,-1.5658740011553354,-0.29240149781121816,0.7218858106790815
namibia,15.927129987439116,-24.94621543999911,0.0746579244732856,0.0071680936282442,0.0088298889305929,4233.75,3498.0,5323.0,4976.0,0,5.208227634429932,3865.875,0.0951595678925514,1011,1.7602533102035522,4.026761884780691,-1.2603349818093088,-1.5027775399939893,0.6575064277778394,0.606203701069055
namibia,15.945096293121509,-24.94621543999911,0.0742581039667129,0.0070645719556023,0.0083294057370541,4190.0,3453.3333333333335,5365.0,5020.0,0,5.76915979385376,3821.666666666667,0.0963802859187126,1005,1.9074177742004397,4.008952925486299,-1.3120125103662776,-1.472531008752207,0.8067812754198294,0.5761094525062114
namibia,15.963062598803898,-24.94621543999911,0.0759526565670967,0.0068986931012443,0.00809231409898,4192.0,3461.0,5388.0,5071.0,0,12.567682266235352,3826.5,0.095518097281456,999,1.3954176902770996,3.968493626331333,-1.0908618486154058,-1.4786206271505744,0.2846576854256309,0.6700390478522347
namibia,15.981028904486289,-24.94621543999911,0.0736611932516098,0.0081605295077169,0.0079577039142943,4089.0,3378.25,5263.0,4906.0,0,34.16596221923828,3733.625,0.0951822996139526,986,0.6830471754074097,3.587915328457717,-0.8949897586419099,-1.4053061092211305,-0.4287236269572206,0.6970756284493805
namibia,15.998995210168678,-24.94621543999911,0.0692412555217742,0.0097559929714494,0.0074131372707575,3653.8333333333335,3003.8,4788.666666666667,4446.452380952381,0,108.778076171875,3328.8166666666666,0.0976372957229614,975,0.2701170742511749,2.481767531288293,-1.1048488594319092,-0.8884657921359609,-0.8586394857182309,0.5321244961757637
namibia,16.01696151585107,-24.94621543999911,0.0690246522426605,0.0117915780858148,0.0072715209823042,4139.333333333333,3490.5555555555557,5199.466666666667,4824.5,0,185.2513885498047,3814.944444444444,0.0850310921669006,970,0.3492707908153534,3.549835331856609,-0.9973689479910689,-0.22363055576729457,-1.0989049286351802,0.595438516645297
namibia,16.034927821533458,-24.94621543999911,0.0720346570014953,0.0190194975158857,0.0070807620681358,3451.5,2868.0,4512.166666666666,4011.2,0,202.3376922607422,3159.75,0.0923332571983337,977,0.7990037202835083,1.9766801430734489,-1.3685103033869528,0.006784147516616001,-0.3489962834001844,0.028661581276542482
namibia,16.05289412721585,-24.94621543999911,0.0721852928400039,0.0190147449236543,0.0080947743846681,3648.125,3067.3333333333335,4651.2,4186.5,0,236.7129669189453,3357.729166666667,0.086485780775547,989,0.5544911623001099,2.3687310176581944,-1.264894835382148,0.24935531168295724,-0.7409515906867783,0.13631164736158047
namibia,16.07086043289824,-24.94621543999911,0.0700378268957138,0.0260818384979906,0.0093775791438316,3883.5,3370.8333333333335,4503.571428571428,4200.666666666667,0,257.6870422363281,3627.166666666667,0.0706704035401344,1006,0.8833785653114319,2.8230590144138867,-1.3132040308855124,0.4782012731929022,-0.5071953178081058,-0.1526346713223107
namibia,15.909163681756729,-24.92824913431672,0.0686840638518333,0.0050929943844493,0.0132758278247253,3904.6666666666665,3249.8,4846.0,4618.333333333333,0,49.94116973876953,3577.2333333333336,0.0915325656533241,985,1.148268222808838,3.100665137831834,-1.40428536180813,-1.3222539697408127,-0.03591450581266438,0.564789389180566
namibia,15.927129987439116,-24.92824913431672,0.0707730427384376,0.0059874513687809,0.0108610070663168,4148.0,3433.3333333333335,5245.25,5017.333333333333,0,28.571928024291992,3790.666666666667,0.0942666232585907,962,1.336392164230347,3.7820874659776527,-1.1686925116972848,-1.4022670096466214,0.1460435301176449,0.6447509099173769
namibia,15.945096293121509,-24.92824913431672,0.0654097348451614,0.0072711906832402,0.0097273526131695,4109.5,3445.5,5220.5,4948.0,0,0.0,3777.5,0.0878888145089149,945,1.1157464981079102,3.7264459904742586,-1.0873514824574584,-1.6779897819554912,-0.04360555307381601,0.5485298080024684
namibia,15.963062598803898,-24.92824913431672,0.0656274706125259,0.0075430839963935,0.0080829572697185,3912.6666666666665,3313.8,4934.0,4710.0,0,320.4063720703125,3613.2333333333336,0.0828712955117225,962,0.752219557762146,3.0710530281663053,-1.650024667461914,0.85123506888868,-1.005627277295402,0.5383985660369549
namibia,15.981028904486289,-24.92824913431672,0.0684078633785247,0.0072098674712486,0.0079725876244384,4031.0,3341.5,4947.0,4685.5,0,220.0373992919922,3686.25,0.0935232266783714,975,0.3974899053573608,3.1629105217264764,-1.2746137836239138,0.012434846281571564,-1.102992633281141,0.7371311588679311
namibia,15.998995210168678,-24.92824913431672,0.0662471279501915,0.0083125369753655,0.0075559497472469,3652.3333333333335,3058.25,4635.375,4279.0,0,216.93931579589844,3355.291666666667,0.0885293111205101,978,0.398887574672699,2.385235776067312,-1.4943861772802163,-0.04497644931385171,-1.0071883334474327,0.4724603147835313
namibia,16.01696151585107,-24.92824913431672,0.066707007586956,0.013286554782838,0.0077351922436646,3525.5,2950.75,4476.666666666667,4111.5,0,230.0248107910156,3238.125,0.0887473449110984,990,1.105168700218201,2.172933968933011,-1.7560958778659235,0.18829144265138442,-0.23578867931199274,0.15161644402700797
namibia,16.034927821533458,-24.92824913431672,0.0685326159000396,0.0153198486044668,0.0083972507142174,3573.0,3003.25,4546.5,4160.0,0,201.8513031005859,3288.125,0.0866375192999839,1031,1.0304033756256104,2.322140180211629,-1.6385596476930009,-0.03426170001608825,-0.23786693647199733,0.14448691565516486
namibia,16.05289412721585,-24.92824913431672,0.0729363858699798,0.0203715005556192,0.0092179289378647,3567.1,2982.3,4591.25,4076.25,0,172.3863983154297,3274.7,0.0892906188964843,1014,0.964890956878662,2.26250720998587,-1.3432411824134705,-0.21339765378185932,-0.1462303759938307,0.014094473766636618
namibia,16.07086043289824,-24.92824913431672,0.0686749815940857,0.0219270709871051,0.0092802924231767,3547.5,2999.0,4602.0,4107.0,0,223.84532165527344,3273.25,0.0837852284312248,1023,1.2456318140029907,2.3074184557951,-1.579352577506712,0.2299537150706418,-0.004567586662050853,-0.11578877503088764
namibia,15.909163681756729,-24.910282828634333,0.0683522522449493,0.0060517087889627,0.0162073660729,3871.0,3233.2,4764.0,4549.0,0,66.20325469970703,3552.1,0.0897778794169426,964,1.90287184715271,3.072574725888685,-1.7046805040283486,-1.0984491521758162,0.6749929910341176,0.3543269908424833
namibia,15.927129987439116,-24.910282828634333,0.0620244778692722,0.007306350707224,0.0139181378409636,3529.5,2944.0,4199.0,3983.0,0,39.589561462402344,3236.75,0.0904456600546836,930,0.9025877714157104,2.0116067250799414,-1.5333457486128899,-1.4901228606912647,-0.15026640272484648,0.26765687281611855
namibia,15.945096293121509,-24.910282828634333,0.053871463984251,0.0058184953103879,0.0118915066308184,3493.5,2995.0,4099.0,3907.0,0,293.6451721191406,3244.25,0.076828233897686,928,0.5058534145355225,1.8106888927116453,-2.0239008326205186,0.45388955808627546,-1.1622088656726821,0.28477740868259516
namibia,15.963062598803898,-24.910282828634333,0.0566313378512859,0.0066094184930908,0.0089155000366274,3770.5,3245.0,4546.0,4298.0,0,273.94036865234375,3507.75,0.0749055668711662,959,1.265143871307373,2.714470432450639,-2.088444634702582,0.45351077822673086,-0.43343694244874076,0.2810923444576643
namibia,15.981028904486289,-24.910282828634333,0.0627966597676277,0.0057071660106708,0.0087968383824682,3826.0,3225.5,4649.0,4389.0,0,250.3026885986328,3525.75,0.0851591825485229,1007,0.6449214816093445,2.736683986950005,-1.74801007351601,0.20859870075499778,-0.9362380293575051,0.5779432783950647
namibia,15.998995210168678,-24.910282828634333,0.0634327232837677,0.0079846946478255,0.0084889859177762,3653.4,3095.0,4522.5,4203.75,0,197.8858337402344,3374.2,0.082745537161827,997,0.6243236660957336,2.4069096952423674,-1.669850167406605,-0.20836336255132,-0.7827719700666091,0.3911448216646274
namibia,16.01696151585107,-24.910282828634333,0.0646268054842948,0.0103590872344378,0.008270829095785,3638.833333333333,3059.6666666666665,4521.0,4177.5,0,222.68197631835935,3349.25,0.0864621400833129,1019,1.0841208696365356,2.4108239030188288,-1.84165174248379,0.08348531684622208,-0.31914568672355226,0.2890999657813161
namibia,16.034927821533458,-24.910282828634333,0.0656985864043235,0.0164028558535435,0.0100407406922302,3514.5,3002.6,4419.25,4034.571428571429,0,222.05499267578125,3258.55,0.0785472095012664,1043,0.8587210774421692,2.1569233514462915,-1.7057881599742653,0.07268906062202794,-0.4690839300785681,0.05279995436931499
namibia,16.05289412721585,-24.910282828634333,0.0671395286917686,0.0191124871424133,0.0108382661902035,3575.708333333333,3012.0,4526.833333333334,4114.25,0,196.67953491210935,3293.8541666666665,0.085569716989994,1055,1.391555666923523,2.3530883952048764,-1.7285568321201965,-0.017614161051613703,0.15852935826823694,-0.017890977200032267
namibia,16.07086043289824,-24.910282828634333,0.0619550086557865,0.0154583501170912,0.0106333482409104,3306.6666666666665,2789.0,4458.333333333333,3746.5,0,231.1256103515625,3047.833333333333,0.0849237143993377,1068,4.2409186363220215,2.199491224387123,-3.202397633041501,0.5813579156352199,2.9162271146124623,-0.5652085780049345
namibia,15.909163681756729,-24.89231652295194,0.063916765153408,0.0058735204059936,0.017475465104437,3529.5,2936.75,4297.0,4131.0,0,71.26171875,3233.125,0.0916682779788971,932,2.0742461681365967,2.2222042274656792,-2.010474861259242,-1.0862951170161863,0.9111645825207257,0.13646671325703297
namibia,15.927129987439116,-24.89231652295194,0.0581759251654148,0.0055189031548778,0.015151454158387,3525.5,2945.0,4234.5,3988.0,0,3.941668510437012,3235.25,0.0897148624062538,914,0.2324212491512298,1.929511197637611,-1.2733141704473372,-1.903059690356954,-0.7913557845335595,0.4133994179843268
namibia,15.945096293121509,-24.89231652295194,0.0626725256443023,0.0058911055766721,0.0130952866801587,3509.0,2944.0,4260.0,3998.0,0,254.31753540039065,3226.5,0.0875561758875846,931,0.6969414949417114,1.8875780937037754,-1.8430536283318777,0.21793535257527946,-0.8127358616317499,0.36127349107911905
namibia,15.963062598803898,-24.89231652295194,0.057626649737358,0.0086593048038658,0.0090352555690809,3324.5,2833.5,4029.0,3800.0,0,262.9883117675781,3079.0,0.0797336772084236,956,0.9496541023254396,1.5940031949811762,-2.1357237614268265,0.3107041679747053,-0.539367500468569,0.08691274137251874
namibia,15.981028904486289,-24.89231652295194,0.0560644529759883,0.0101640089722093,0.0090038651035796,3239.0,2768.0,3890.0,3674.0,0,277.3832702636719,3003.5,0.0784085243940353,990,1.0148550271987915,1.3966407392451465,-2.283713171220972,0.4243066125334224,-0.46667192681734787,0.002909529021188198
namibia,15.998995210168678,-24.89231652295194,0.0550167337059974,0.0086961272632388,0.0091845860984581,2903.75,2501.714285714286,3537.333333333333,3272.25,0,215.82362365722656,2702.732142857143,0.0743757933378219,1019,1.5010106563568115,0.7654217275580951,-2.681350338200226,-0.06919912403315355,0.20610509144420217,-0.2471154439805956
namibia,16.01696151585107,-24.89231652295194,0.06423881649971,0.0125258273057794,0.0093409938101251,3839.0,3263.375,4668.0,4348.0,0,223.5255584716797,3551.1875,0.0810468345880508,1045,1.2989438772201538,2.9007018939489133,-1.828289234517228,0.13161226904428538,-0.16440347197185726,0.2620233636658086
namibia,16.034927821533458,-24.89231652295194,0.0690644606947898,0.017240810343291,0.0116003325669662,3619.4,3035.8333333333335,4540.666666666667,4140.0,0,230.7222442626953,3327.616666666667,0.0876853838562965,1075,1.2588201761245728,2.3819467265569276,-1.7629559950526037,0.22868076900713757,-0.05184743061895597,0.12187023327437767
namibia,16.05289412721585,-24.89231652295194,0.0693755224347114,0.0174906620206851,0.0118898634359082,3331.0,2784.25,4164.5,3634.6666666666665,0,241.80909729003903,3057.625,0.089407630264759,1106,2.391400098800659,1.7842029149803924,-2.4604103213089723,0.4390878370649846,1.166113007632944,-0.21712805993545783
namibia,16.07086043289824,-24.89231652295194,0.0741237103939056,0.0204133701812995,0.0111155325579424,3500.5,2879.3,4426.0,3989.5,0,243.71319580078125,3189.9,0.0973698198795318,1207,3.594850778579712,2.441772069118771,-2.788670326360186,0.6803590030568426,2.3980068691893286,-0.25926707652737685
namibia,15.909163681756729,-24.87435021726955,0.0605811178684234,0.0071117745869946,0.0189167189118458,2989.5,2493.5,3567.0,3428.6666666666665,0,82.50422668457031,2741.5,0.0904614254832267,918,2.109758138656616,0.8829362772899823,-2.395942281156293,-1.0558502664005205,1.0766288175178798,-0.2162293090223659
namibia,15.927129987439116,-24.87435021726955,0.0480920001864433,0.0066854092624524,0.0161747356329596,2532.0,2156.0,2992.5,2804.0,0,278.9657897949219,2344.0,0.0802047774195671,914,0.3719558119773865,-0.5185859408788397,-2.544634146023193,0.2013113757496769,-1.000016398673123,-0.19885444043109965
namibia,15.945096293121509,-24.87435021726955,0.0464875847101211,0.0083869743976638,0.0136162373755936,2555.0,2209.0,3019.0,2865.0,0,228.3285217285156,2382.0,0.0726280435919761,941,1.1333056688308716,-0.22658644165192104,-2.7877265212670608,-0.10033361851557979,-0.16411242033894216,-0.4318227431493158
namibia,15.963062598803898,-24.87435021726955,0.0535142458975315,0.0109684887460043,0.0086513888150342,3128.0,2640.0,3860.0,3661.0,0,226.8011932373047,2884.0,0.0846047177910804,967,1.2488757371902466,1.2279761747017461,-2.2822695062900658,0.055700254253838725,-0.09218461938501828,-0.08301752513689582
namibia,15.981028904486289,-24.87435021726955,0.0603023916482925,0.0125849440545629,0.0081376982032699,3518.0,2909.6666666666665,4447.0,4181.5,0,254.43621826171875,3213.833333333333,0.0946429520845413,998,1.8897384405136108,2.2378723760709534,-2.189834665621488,0.4660210545241528,0.46664109415895844,0.09179673956726889
namibia,15.998995210168678,-24.87435021726955,0.0510003268718719,0.0099913207927245,0.0086958401537504,2487.0,2132.0,3328.0,3096.0,0,211.9506072998047,2309.5,0.0768564641475677,1081,2.594311475753784,0.1906897415237204,-3.369020925106853,0.018919873390286973,1.4003493136013774,-0.5948355323044271
namibia,16.01696151585107,-24.87435021726955,0.0498186983168125,0.0121543809595123,0.0097054133972078,2304.583333333333,1993.5,2878.625,2652.0,0,185.5172882080078,2149.0416666666665,0.0723772197961807,1084,2.8222575187683105,-0.35065085993498873,-3.5777398575673796,-0.19634520027198546,1.7572822952459595,-0.8649017163217747
namibia,16.034927821533458,-24.87435021726955,0.0678115114569664,0.0169460791426041,0.0122722089551618,3609.0,3018.75,4553.0,4240.5,0,215.40121459960935,3313.875,0.089057371020317,1098,1.3509637117385864,2.4307682344557286,-1.8126350223350807,0.10551594036406092,0.058846704421428205,0.14713553234822122
namibia,16.05289412721585,-24.87435021726955,0.073534682393074,0.019429098111881,0.0125889493557735,3613.5,2994.5,4554.25,4213.5,0,238.99351501464844,3304.0,0.0936743319034576,1133,1.4906868934631348,2.412699906429869,-1.809572413714542,0.3596651586431342,0.2364877048163067,0.12883922471170406
namibia,16.07086043289824,-24.87435021726955,0.0784379839897155,0.0250498340258341,0.0115642676228823,3391.0,2766.333333333333,4257.5,3852.0,0,265.3323059082031,3078.6666666666665,0.1014508455991745,1178,1.6023597717285156,1.8129551468329093,-1.891941722828182,0.642059872508483,0.5085596625788759,-0.0637261871119565
australia,119.8083094430206,-23.45501206836071,0.0958121493458747,0.0163670896092695,0.0373308054883565,2057.0,1399.0,2837.5,2518.0,0,26.358226776123047,1728.0,0.1903935223817825,534,0.1779080778360366,-2.2464421874793428,-0.4065828323809613,-1.4722656282051034,0.11837199948674854,0.051178813193357334
australia,119.82627574870298,-23.45501206836071,0.0946825221180915,0.0170178156833513,0.0307864261868339,1798.0,1189.5,2537.3333333333335,2164.5,0,17.2994384765625,1493.75,0.203682005405426,530,0.1062505841255188,-2.8531353204219703,-0.49402424442966913,-1.530955837882439,0.22403606940539816,0.016004197979632206
australia,119.84424205438536,-23.45501206836071,0.1061384007334709,0.0214471713272493,0.0289884900210875,2139.5,1450.0,3112.0,2841.5,0,349.7027282714844,1794.75,0.1920880377292633,532,0.0883756279945373,-2.043930506374152,-0.5528136529939279,1.2905144207543364,-0.5272875459055177,0.06933845565424095
australia,119.86220836006775,-23.45501206836071,0.108644962310791,0.0210527620694347,0.0278790340782622,2481.0,1532.0,3278.6666666666665,2706.6666666666665,0,0.0,2006.5,0.2364814281463623,531,0.072460189461708,-1.6280105172374386,0.30731495164636674,-1.4605073534230482,0.3373859993251994,0.5236069738734396
australia,119.88017466575016,-23.45501206836071,0.101882517337799,0.0188372679021215,0.0245123948512108,2363.0,1552.0,3415.0,2968.0,0,328.0808410644531,1957.5,0.2071519792079925,532,0.119515523314476,-1.6150696464130423,-0.4775519408868434,1.1445559973915074,-0.47224603572602064,0.3607258275648083
australia,119.89814097143254,-23.45501206836071,0.1019146516919136,0.0202616392826508,0.0245873636321119,2274.5,1502.0,3076.6666666666665,2547.0,0,329.2644958496094,1888.25,0.204554483294487,535,0.1854628622531891,-1.9998966026278198,-0.6202807672691707,1.1439536966783823,-0.3429242795311368,0.20611795240180614
australia,119.91610727711492,-23.45501206836071,0.1040416955947876,0.0195116986795895,0.0240246636594235,2232.75,1434.0,3192.5,2820.3333333333335,0,318.9092102050781,1833.375,0.2178359627723693,538,0.1922858953475952,-1.955871602050922,-0.5163862363335325,1.0937133285073477,-0.2784854477238286,0.3616845137696341
australia,119.93407358279732,-23.45501206836071,0.1045181974768638,0.0231718036623301,0.0215832146993987,2355.5,1558.25,3391.0,2996.0,0,297.2942810058594,1956.875,0.2037048935890197,543,0.2844276130199432,-1.5322972813512767,-0.3857687530425616,0.9713821656882865,-0.18674741627048352,0.1763786479464878
australia,119.95203988847972,-23.45501206836071,0.1024581491947174,0.0225997687176618,0.0170121475342411,2577.6666666666665,1680.3333333333333,3614.0,3038.25,0,283.7461853027344,2129.0,0.2107405662536621,554,0.2439505457878112,-1.1385533146221172,-0.28654358337047886,0.8889587139384197,-0.20463538882123844,0.35095911207116537
australia,119.9700061941621,-23.45501206836071,0.1029564663767814,0.021780338691092,0.0187438839725315,2672.35,1834.6666666666667,3858.25,3229.0,0,350.23394775390625,2253.508333333333,0.185862049460411,558,0.2793955206871032,-0.7533410690990253,-0.4157809994155071,1.4012992368290749,-0.46037807694750926,0.22285534039672086
australia,119.8083094430206,-23.437045762678316,0.0894578769803047,0.0150808396275801,0.0404788127864589,2138.0,1450.5,3076.0,2780.0,0,25.846460342407227,1794.25,0.1915842294692993,527,0.1449256986379623,-1.989535697614823,-0.3798106581492261,-1.5095148155358609,-0.013122457518251045,0.16232339473520382
australia,119.82627574870298,-23.437045762678316,0.0992515757679939,0.0177899087201477,0.0347528258630105,2345.0,1547.0,3313.0,3001.5,0,342.7027587890625,1946.0,0.2050359696149826,526,0.1062493249773979,-1.7520643580274944,-0.546221981558925,1.187262974985054,-0.5909929883912672,0.38095326843202254
australia,119.84424205438536,-23.437045762678316,0.1032038107514381,0.0199975872744342,0.0325108803503543,2126.5,1342.5,2841.0,2353.0,0,334.9618225097656,1734.5,0.2260017246007919,529,0.1119660884141922,-2.5509978555016843,-0.5947708233758163,1.160588256732267,-0.3215944340677769,0.3550273515090758
australia,119.86220836006775,-23.437045762678316,0.1036780476570129,0.0211592166929082,0.0317755148675524,2284.0,1461.0,3291.6666666666665,2867.0,0,0.0,1872.5,0.2197596728801727,529,0.0869522094726562,-1.7536502988541423,0.17456265676262978,-1.519158492010549,0.24858943514829512,0.31538892568179844
australia,119.88017466575016,-23.437045762678316,0.1062019020318985,0.0192446682608415,0.0285428723118606,2422.0,1589.0,3493.0,3038.5,0,351.1497497558594,2005.5,0.207678884267807,529,0.1026665791869163,-1.5373954982680809,-0.38999544482840287,1.3400634221400383,-0.5380625164160957,0.39863549731229614
australia,119.89814097143254,-23.437045762678316,0.0981575772166252,0.0187682185123258,0.0210872631902895,2307.0,1546.0,3354.0,2981.0,0,312.53570556640625,1926.5,0.1975084394216537,530,0.1286180019378662,-1.6133618835605623,-0.566880531877763,1.0014822365774965,-0.473608160262824,0.24004657089366344
australia,119.91610727711492,-23.437045762678316,0.0986379384994506,0.0204450123927964,0.0212948485070374,2445.0,1658.0,3695.0,3157.0,0,278.6939392089844,2051.5,0.1918108761310577,535,0.1917487680912017,-1.180520327855356,-0.3862655712296196,0.7673450884302432,-0.386644869613869,0.20486170935987771
australia,119.93407358279732,-23.437045762678316,0.0993685573339462,0.0215092401047145,0.019124419938338,2384.0,1585.0,3509.3333333333335,3017.0,0,287.9427795410156,1984.5,0.2013101577758789,542,0.2822489738464355,-1.40529128963646,-0.4543609418385995,0.8755613348520553,-0.22490026384729592,0.20816607670998644
australia,119.95203988847972,-23.437045762678316,0.0968110486865043,0.0197320173101992,0.016776866054075,2478.3125,1644.6666666666667,3544.3333333333335,2921.666666666667,0,299.83099365234375,2061.4895833333335,0.2021950185298919,552,0.1456650197505951,-1.314060748978771,-0.49669665871967855,0.9395395802726927,-0.40630137590416343,0.3218526628115302
australia,119.9700061941621,-23.437045762678316,0.0993762537837028,0.0179072236631828,0.0184678522692389,2480.153846153846,1681.611111111111,3576.0,3051.166666666667,0,9.51901149749756,2080.8824786324785,0.1918759793043136,550,0.1910261809825897,-1.0323099634317756,-0.055457451778281736,-1.4369100348370136,0.15969708356928586,0.2237621016776669
australia,119.8083094430206,-23.419079456995927,0.0872120410203933,0.016996034416961,0.0548972591797137,1985.5,1516.0,2998.0,2729.0,0,55.46420669555664,1750.75,0.1340853869915008,525,0.076688140630722,-2.10035976705244,-0.5893796567026504,-1.4260032007657497,-0.3998917584598882,-0.43665258346588776
australia,119.82627574870298,-23.419079456995927,0.0988088920712471,0.0199283775604507,0.0540185778534776,1991.0,1336.0,2878.0,2543.0,0,0.0,1663.5,0.1968740671873092,523,0.072460189461708,-2.4965245490853856,-0.10956104678932957,-1.7180189729461461,0.09095332548101562,0.026661663139135604
australia,119.84424205438536,-23.419079456995927,0.100253939628601,0.0219320370690428,0.0556772008143933,2193.0,1406.0,2869.5,2388.0,0,344.75970458984375,1799.5,0.2186718583106994,525,0.1201620772480964,-2.615681209214491,-0.5235602519877842,1.13601408368119,-0.4617881446612885,0.29798885955126886
australia,119.86220836006775,-23.419079456995927,0.0999711453914642,0.0180663567206649,0.0555585380181602,2089.0,1344.0,2956.0,2530.0,0,0.0,1716.5,0.2170113623142242,525,0.1014442145824432,-2.45513976192015,-0.04651117271393602,-1.698335750353541,0.1703235839372264,0.29824985273822086
australia,119.88017466575016,-23.419079456995927,0.1153877526521682,0.0240153421451978,0.0530879088624598,2368.0,1357.0,3088.0,2501.0,0,328.0877685546875,1862.5,0.2714093923568725,525,0.1195065379142761,-2.5106061203786796,0.014206243976773903,1.1857874548550016,-0.1292229110425707,0.7990498604077221
australia,119.89814097143254,-23.419079456995927,0.0992011278867721,0.018991279350001,0.0409485371244967,2431.0,1670.0,3657.0,3144.0,0,296.5884094238281,2050.5,0.1855645030736923,529,0.1942720115184784,-1.3680952287864971,-0.41604825839514215,0.8025599155021502,-0.5334553102020729,0.21365019456620488
australia,119.91610727711492,-23.419079456995927,0.0935614332556724,0.0191759992622177,0.0418245832577258,2456.0,1693.0,3745.6666666666665,3133.0,0,312.53955078125,2074.5,0.1838997304439544,536,0.1714779287576675,-1.316151963260434,-0.48606321054525475,0.9063380615936529,-0.6299261880782642,0.21704056043941672
australia,119.93407358279732,-23.419079456995927,0.0970718115568161,0.0197092660949226,0.0341744470599828,2316.0,1511.5,3274.0,2852.0,0,307.826904296875,1913.75,0.2101894170045852,537,0.2599333226680755,-1.8407749491631038,-0.5563317239742924,0.9371145761063352,-0.3121920594589383,0.32063386305551195
australia,119.95203988847972,-23.419079456995927,0.0976861119270324,0.0211547436903167,0.0283904105931752,2503.909090909091,1677.5,3526.3333333333335,2995.75,0,331.4140930175781,2090.7045454545455,0.1976388990879058,549,0.2640598118305206,-1.3361859065959112,-0.5138036399945323,1.1700002975920452,-0.40933847049214694,0.2594626515920042
australia,119.9700061941621,-23.419079456995927,0.1030196025967598,0.0276976216080168,0.0210737103783114,2502.1428571428573,1689.7777777777778,3463.4,2852.5,0,28.58591651916504,2095.9603174603176,0.1937930434942245,545,0.19804547727108,-1.1767965293841671,0.19254438327311318,-1.1947714237037648,0.2737026156272897,-0.040316693276675204
australia,119.8083094430206,-23.401113151313535,0.0849218517541885,0.0160769490720998,0.0804820297193584,2079.0,1433.0,3060.0,2764.5,0,41.079345703125,1756.0,0.1839407682418823,524,0.0961264669895172,-2.4104505442771686,-0.3379487677585829,-1.5942726884378986,-0.2828750298010695,0.11889420719306919
australia,119.82627574870298,-23.401113151313535,0.0933615937829017,0.018261513919421,0.1205153363472236,1924.0,1316.5,2823.0,2494.0,0,39.25701522827149,1620.25,0.1874710619449615,521,0.0748637691140174,-3.1851372290295488,-0.15222192044478458,-1.753766681936678,-0.31597749589868224,0.07549292939699005
australia,119.84424205438536,-23.401113151313535,0.1018154025077819,0.0207299181551623,0.1218005077525226,2166.0,1309.5,2875.0,2441.0,0,352.2436828613281,1737.75,0.2464393675327301,521,0.1170066967606544,-3.3548447678133226,-0.2524480289907124,0.9352024486935208,-0.6275929227011294,0.6947578683946304
australia,119.86220836006775,-23.401113151313535,0.0996431857347488,0.0210722219419351,0.1217446698398703,2325.0,1449.0,3025.0,2571.0,0,351.152099609375,1887.0,0.2321144640445709,522,0.1026659235358238,-2.9750051171578646,-0.2275652333311588,0.9114901815490137,-0.7433701355239337,0.629057622356663
australia,119.88017466575016,-23.401113151313535,0.1114659011363983,0.0216152340962971,0.121015560635565,2462.0,1494.0,3325.0,2741.0,0,342.7071228027344,1978.0,0.2446916103363037,522,0.1062467992305755,-2.6803808789207264,0.09733846585691269,0.9396448816484957,-0.6353303635816181,0.8036347902699716
australia,119.89814097143254,-23.401113151313535,0.0986996889114379,0.0182687507967102,0.114597842438639,2105.5,1352.0,2996.5,2601.0,0,331.4173278808594,1728.75,0.2179320305585861,524,0.1650330275297165,-3.094801709117108,-0.4331047532929024,0.7368554952583325,-0.6828122189693095,0.475619192980898
australia,119.91610727711492,-23.401113151313535,0.0974439680576324,0.016240347934009,0.1064028042280155,2292.0,1593.0,3443.5,3093.0,0,329.5983581542969,1942.5,0.1799227744340896,527,0.2184300124645233,-2.2083465864585303,-0.4827751275213078,0.7229368479552553,-0.8666554189861458,0.29020767651758717
australia,119.93407358279732,-23.401113151313535,0.099065251648426,0.019735510768679,0.0945032328994006,2348.0,1578.0,3377.0,2990.0,0,312.5433654785156,1963.0,0.1961283683776855,531,0.1928984373807907,-2.1770709046878167,-0.33042628730701384,0.6913012181168732,-0.6901763256592959,0.332984279565958
australia,119.95203988847972,-23.401113151313535,0.1025385037064552,0.0233214880341108,0.0304976798789956,2477.375,1645.0,3478.0,3054.0,0,338.1269836425781,2061.1875,0.201916366815567,536,0.2967057228088379,-1.4129095584650344,-0.3929376621200921,1.2645467426169248,-0.33445472458540176,0.2229289271511145
australia,119.9700061941621,-23.401113151313535,0.1080712601542472,0.0248590059280171,0.0247613132894574,2119.6666666666665,1261.1333333333332,2902.0,2422.4,0,333.6509704589844,1690.4,0.2539438307285309,538,0.1778939366340637,-2.568043732035006,-0.353944102258288,1.3006471109858506,-0.0328079880059101,0.46598813710475556
australia,119.8083094430206,-23.383146845631146,0.1043346896767616,0.0250718197745033,0.0846888044360022,2136.5,1486.5,3138.5,2792.0,0,28.579450607299805,1811.5,0.1794093251228332,520,0.0990169495344162,-2.3074210699155024,0.18733627384602874,-1.5559125548945583,-0.09521992752318104,-0.1375144671561866
australia,119.82627574870298,-23.383146845631146,0.0878124833106994,0.018527475040345,0.1236431971810574,2222.0,1078.0,2380.0,1901.0,0,39.25324630737305,1650.0,0.3466666638851166,519,0.0748597458004951,-4.015550823778826,0.258469428007204,-1.5858831066097412,0.33061524997725106,1.5629883583728001
australia,119.84424205438536,-23.383146845631146,0.0970755293965339,0.0185503353427052,0.1249745046030147,2039.0,1389.0,2925.0,2585.5,0,10.29186725616455,1714.0,0.189614936709404,517,0.0883741080760955,-2.9932014034610255,0.0289606300338918,-1.9770374529207917,-0.2560444011105871,0.13728533937925436
australia,119.86220836006775,-23.383146845631146,0.1039469987154007,0.0238550994993342,0.1240614407778841,2327.0,1463.0,3044.0,2557.3333333333335,0,351.15325927734375,1895.0,0.2279683351516723,518,0.1026655957102775,-2.973664095202162,-0.10125526425681038,0.9390966518871217,-0.7146647261792022,0.5166268700843227
australia,119.88017466575016,-23.383146845631146,0.1006523296236991,0.0179234889783367,0.1224434953073883,2513.0,1717.0,3762.5,3348.0,0,351.15325927734375,2115.0,0.1881796717643737,518,0.1026655957102775,-1.9196741631701446,-0.15207945092581987,0.8777734109960595,-1.0792698922989146,0.47965843771878786
australia,119.89814097143254,-23.383146845631146,0.0993732288479805,0.0185977236171578,0.1166146013519903,2394.5,1577.0,3432.6666666666665,3122.0,0,328.8143005371094,1985.75,0.2058416157960891,519,0.1524595022201538,-2.3101675083346427,-0.21433915902448075,0.7315298316986935,-0.8421346528767453,0.5229287075267847
australia,119.91610727711492,-23.383146845631146,0.1039591431617736,0.0218615087122624,0.1087211784754679,2513.75,1633.0,3279.0,2833.5,0,309.2098083496094,2073.375,0.2123952507972717,523,0.18339604139328,-2.278718266747508,-0.09496036147402788,0.6574037624535313,-0.6344973192592697,0.48328416213953274
australia,119.93407358279732,-23.383146845631146,0.1086505725979805,0.0289021340983817,0.0951729447428344,2326.6666666666665,1413.5,3075.5,2641.0,0,316.36907958984375,1870.0833333333333,0.2441513240337371,528,0.1601770371198654,-2.727816036304393,0.09450178379721555,0.8839035381408828,-0.3330744183379102,0.4751936485729116
australia,119.95203988847972,-23.383146845631146,0.1060296446084976,0.0236639025696311,0.0312327345179754,2356.7,1523.8666666666666,3382.0,2923.5,0,324.0077209472656,1940.2833333333333,0.2146164178848266,530,0.1612021774053573,-1.7475906294351358,-0.27578515623264865,1.155774558487708,-0.3349925854721598,0.29041247771972994
australia,119.9700061941621,-23.383146845631146,0.0921616032719612,0.0208346337377059,0.0262685059747969,2486.777777777778,1624.0,3430.3333333333335,2836.6666666666665,0,307.4114074707031,2055.3888888888887,0.2098818868398666,534,0.1192692443728447,-1.5226820862930768,-0.4763691496375933,0.9534147173600385,-0.4592539346203703,0.35837061157748723
australia,119.8083094430206,-23.365180539948756,0.0849628970026969,0.0183912455188252,0.0920970253695349,2108.5,1369.0,2913.5,2556.0,0,110.16265106201172,1738.75,0.2126527726650238,518,0.0840882435441017,-2.8038553966412394,-0.2923433545398145,-1.0342373420892552,-0.3161033193804875,0.3354069741630911
australia,119.82627574870298,-23.365180539948756,0.1225243881344795,0.0309567719379394,0.128881920113583,2087.0,829.0,1863.0,1424.0,0,39.249481201171875,1458.0,0.4314129054546356,517,0.0748557224869728,-4.9835709129481405,1.1152318507540968,-1.2785788028040324,1.0554876965828641,1.9153061049362294
australia,119.84424205438536,-23.365180539948756,0.1155454218387603,0.0244096272261797,0.1303024970617938,2004.5,1250.0,2747.5,2405.0,0,28.576221466064453,1627.25,0.2318328469991684,515,0.0660093128681182,-3.448840180654223,0.4795211421500264,-1.6814621142058226,0.0315772471566478,0.349451656676079
australia,119.86220836006775,-23.365180539948756,0.1348084211349487,0.0299865313752656,0.1292279031930341,1819.0,802.0,1847.0,1363.0,0,0.0,1310.5,0.3880198299884796,515,0.072460189461708,-5.103563892011827,1.0832322394475713,-1.6289683846523362,1.047877146216865,1.4436899397347145
australia,119.88017466575016,-23.365180539948756,0.1288614720106125,0.0289251055684179,0.1263247793361699,1968.0,963.0,2349.0,1904.0,0,0.0,1465.5,0.3428863883018493,515,0.072460189461708,-4.310040334637366,1.0226573851703578,-1.6724382045016102,0.7523200215312309,1.164852370112222
australia,119.89814097143254,-23.365180539948756,0.1171074509620666,0.0293826748328992,0.1186585954084553,1758.0,820.6666666666666,2078.0,1620.5,0,304.54656982421875,1289.3333333333333,0.3634953498840332,515,0.0766671821475029,-4.96146865683563,0.2954347575734158,0.7980786055675001,0.24463308824463095,1.2850170100608682
australia,119.91610727711492,-23.365180539948756,0.0970281660556793,0.0252900277968466,0.1102713784422656,2572.5,1573.0,3289.0,2863.0,0,304.54656982421875,2072.75,0.2411048114299774,519,0.1533340960741043,-2.365445106331655,0.05970558158800466,0.657501518975356,-0.5508945275631599,0.6735957735114416
australia,119.93407358279732,-23.365180539948756,0.0967001765966415,0.0231212984023315,0.0952694541220619,2148.0,1333.0,2955.0,2493.0,0,308.77227783203125,1740.5,0.2341281175613403,523,0.1619925051927566,-3.002266940509605,-0.30085550656211824,0.6966175874370162,-0.44837678291675115,0.45325053983007335
australia,119.95203988847972,-23.365180539948756,0.0924316719174385,0.0210722768445604,0.0311332905981799,2211.245454545455,1457.7142857142858,3173.0,2813.3333333333335,0,298.84521484375,1834.4798701298705,0.2053800523281097,527,0.1802319139242172,-1.9891613222495461,-0.5918346194902194,0.8479249084415674,-0.37354815281601267,0.19225046222010508
australia,119.9700061941621,-23.365180539948756,0.0789973214268684,0.0146774496725494,0.0271688726143791,2022.4615384615383,1399.142857142857,2937.0,2601.2,0,312.551025390625,1710.802197802198,0.1821714639663696,533,0.0857204124331474,-2.2688545425468525,-1.1261700319897379,0.7981365624156261,-0.6687141679756062,0.07552504239229059
australia,119.8083094430206,-23.347214234266364,0.0853767096996307,0.0315228532871953,0.0942431093332163,1721.0,1029.0,2296.0,1914.0,0,149.0755615234375,1375.0,0.2516363561153412,522,0.3378667533397674,-3.975110740501618,-0.2684379764356163,-0.5691413155920894,0.28336456722115755,0.08234441010559555
australia,119.82627574870298,-23.347214234266364,0.0904630497097969,0.0219681458029485,0.1301478175536226,1820.5,962.0,1937.0,1582.0,0,107.01575469970705,1391.25,0.308535486459732,515,0.148567646741867,-4.689083605226931,-0.09250498716058679,-1.106797517130588,0.22215228095895087,0.9471448360585053
australia,119.84424205438536,-23.347214234266364,0.1071804091334343,0.0288937407371911,0.131379158097347,1425.0,470.0,923.5,578.5,0,35.9849739074707,947.5,0.5039578080177307,513,0.0537292100489139,-6.683776708781539,0.702844667141889,-1.3803251730472303,1.3757194087492675,2.325441955416699
australia,119.86220836006775,-23.347214234266364,0.0388387478888034,0.0389719244557504,0.129255537820306,220.0,260.6666666666667,98.83333333333331,75.28571428571429,0,0.0,240.33333333333337,-0.0846047177910804,513,0.0579681657254695,-6.638248322003282,-2.3555185769997222,-2.7336469430911996,-0.8598609378096477,-4.01940599699292
australia,119.88017466575016,-23.347214234266364,-0.0275953970849514,0.0476938260283223,0.1264923072554156,97.0,229.25,41.0,43.833333333333336,0,301.46923828125,163.125,-0.4053639769554138,513,0.0555207170546054,-6.074178121965181,-4.587347029366894,-0.8984689402798139,-2.9213821104925866,-7.320795574012956
australia,119.89814097143254,-23.347214234266364,0.0835156366229057,0.0195250191030363,0.1189588564288806,1967.0,1299.0,2786.0,2310.0,0,245.3426513671875,1633.0,0.2045315355062484,516,0.0694744139909744,-3.4107414846659205,-0.5333825784357811,-0.07958202507611632,-0.6921987456293072,0.22857725356669556
australia,119.91610727711492,-23.347214234266364,0.1005778983235359,0.023431611856756,0.1106508396966614,2128.0,1286.0,2902.0,2456.0,0,259.5953063964844,1707.0,0.2466315180063247,517,0.0802440419793129,-3.2462601920665066,-0.05609748341685995,0.25032131540434777,-0.4052962920520989,0.5744323273153334
australia,119.93407358279732,-23.347214234266364,0.0818732306361198,0.0180231789424896,0.0947917749611582,1932.4615384615383,1343.5714285714284,2918.3333333333335,2559.25,0,223.62326049804688,1638.0164835164835,0.179757073521614,521,0.1601565927267074,-2.942013798256641,-0.7079238274909082,-0.18101665789170224,-0.6160773470442785,-0.0008265625827790861
australia,119.95203988847972,-23.347214234266364,0.0831670761108398,0.0208317768012863,0.0309925785910513,1848.25,1249.0,2708.375,2345.0,0,215.00003051757812,1548.625,0.1934780925512313,524,0.2476798444986343,-2.703883622617136,-0.8720789018101271,0.08182371727071923,-0.1330142391432911,-0.13521865318178647
australia,119.9700061941621,-23.347214234266364,0.0784647762775421,0.0198620186755233,0.0255675889266863,1621.571428571429,1038.5384615384614,2212.6666666666665,1784.6666666666667,0,227.4451446533203,1330.0549450549452,0.2191762775182724,530,0.3428528904914856,-3.466105793277159,-1.1709679508461137,0.187829979050965,0.12281154704782098,-0.04215057876631038
australia,119.8083094430206,-23.329247928583975,0.0565082393586635,0.0147040154583032,0.0937298922007939,1599.0,1262.0,2543.0,2113.0,0,120.1528549194336,1430.5,0.1177909821271896,538,0.8943046927452087,-3.2252279036769385,-1.6654001892509693,-1.1729404567006383,-0.0034548468652294117,-0.8077498465569315
australia,119.82627574870298,-23.329247928583975,0.0605729483067989,0.0205138890817692,0.1301777873200411,1677.0,1021.0,2231.0,1778.0,0,131.44131469726562,1349.0,0.2431430667638778,520,0.5473878979682922,-4.342627275834259,-0.8678730897772653,-1.0620588040332286,0.11452518950981035,0.2874159818989965
australia,119.84424205438536,-23.329247928583975,0.0966449826955795,0.0242932502252424,0.1315684639457891,1923.0,1133.0,2416.0,1981.0,0,140.75804138183594,1528.0,0.2585078477859497,512,0.2245420664548874,-4.0253504174044465,-0.035537313740907246,-0.818231687705602,0.01776893546347834,0.5059754022163758
australia,119.86220836006775,-23.329247928583975,0.1240191012620925,0.0241673863778072,0.1295129856594701,2137.5,1046.5,2340.0,1836.0,0,331.43023681640625,1592.0,0.3426507413387298,511,0.0330026447772979,-4.365217732132096,0.3508389389709467,0.939015543993402,-0.06867925965598885,1.4234107183565936
australia,119.88017466575016,-23.329247928583975,0.0961954295635223,0.0227053643817203,0.1267222746449821,2428.0,1425.5,3097.6666666666665,2642.0,0,203.5392303466797,1926.75,0.2601531147956848,513,0.2371101379394531,-2.883134459473679,0.13855467298466329,-0.2399598178348432,-0.23530726437294122,0.8275917677640321
australia,119.89814097143254,-23.329247928583975,0.0777996331453323,0.0196899071134141,0.1192463109786695,1608.5,1014.0,2464.0,1954.0,0,220.2663421630859,1311.25,0.2266920804977417,517,0.17093026638031,-4.210960078480657,-0.7157099114868665,-0.2895799096412533,-0.3902727952376799,0.23283434273259448
australia,119.91610727711492,-23.329247928583975,0.0729804709553718,0.0163240841024161,0.1108948350479395,1679.0,1125.5,2417.0,2061.0,0,206.94110107421875,1402.25,0.1973613798618316,520,0.4876771569252014,-3.827493932913224,-1.0739118242111358,-0.41015643674742885,-0.2217065126050752,0.013815528727821613
australia,119.93407358279732,-23.329247928583975,0.0674865469336509,0.0168801200338763,0.09509712674418,1552.7037037037037,1034.7142857142858,2152.6,1770.8,0,199.9520263671875,1293.7089947089949,0.2001954913139343,531,0.9712044596672058,-3.999432047174852,-1.4744757381235465,-0.36657505131746804,0.37194519212992155,-0.16686242628017528
australia,119.95203988847972,-23.329247928583975,0.0762330740690231,0.021235254199411,0.0300889133005113,1765.2631578947369,1047.4,2119.0,1734.25,0,198.9789123535156,1406.3315789473686,0.2552254199981689,541,0.8734656572341919,-3.4420181090969972,-1.1914171923820875,0.05727574142725441,0.8262473630419364,0.2070817765578177
australia,119.9700061941621,-23.329247928583975,0.0691834613680839,0.0214164348514809,0.0240871126828727,1647.75,1132.9,2188.8571428571427,1791.55,0,202.468505859375,1390.325,0.1851545572280883,549,1.238725185394287,-3.1148666293234837,-1.6968849525954208,0.03692424430925312,0.8909004798118939,-0.5501148342820915
australia,119.8083094430206,-23.311281622901586,0.0187120884656906,0.0089421240944637,0.0912874148193518,1491.25,1260.0,2371.0,2188.0,0,148.5809783935547,1375.625,0.0840527042746543,553,0.696226954460144,-3.2612025282164354,-2.438859598514602,-1.2219408369789757,-0.6449199468492159,-0.9621392320392455
australia,119.82627574870298,-23.311281622901586,0.02528584189713,0.0132524497997242,0.1284455080619052,1582.0,1393.0,2513.0,2289.0,0,123.26315307617188,1487.5,0.0635294094681739,540,0.5284239053726196,-3.2821186748375557,-2.0171053758755897,-1.569269415968788,-0.9326298305696166,-1.1398340617881357
australia,119.84424205438536,-23.311281622901586,0.0630129128694534,0.0171092981538717,0.1303541917161777,1676.3333333333333,1331.2,2469.5,2076.6666666666665,0,104.21595001220705,1503.7666666666669,0.114756278693676,525,0.4720866084098816,-3.5251036111331766,-1.2166343465992047,-1.483390910094016,-0.4886463434124141,-0.7507544517224952
australia,119.86220836006775,-23.311281622901586,0.110675923526287,0.0256512573766459,0.1283475474782191,1973.75,982.3333333333334,2100.5,1673.3333333333333,0,320.76177978515625,1478.0416666666667,0.3353818356990814,511,0.0748436897993087,-4.653328183124319,0.09486365849189474,0.7935713050630538,-0.04897999373487266,1.2199866846297394
australia,119.88017466575016,-23.311281622901586,0.0765799805521965,0.0196603680517555,0.1257521403063742,1595.0,1017.5,2118.0,1640.0,0,239.4440460205078,1306.25,0.2210526317358017,528,0.2565553784370422,-4.503872450753744,-0.9240241458679418,-0.19262024784002582,-0.3585189275304672,0.14363040602200564
australia,119.89814097143254,-23.311281622901586,0.0722159743309021,0.0179501043401541,0.1194947926505785,1560.6666666666667,1014.6,2052.0,1595.0,0,227.4375,1287.6333333333334,0.2120427638292312,525,0.4070766866207123,-4.466492374104412,-1.1323562230661484,-0.2916896234244158,-0.23123766082871575,0.044111783145270034
australia,119.91610727711492,-23.311281622901586,0.0709706768393516,0.0176901440413012,0.1111232755149873,1753.0,1119.0,2404.0,1844.0,0,236.8260040283203,1436.0,0.2207520902156829,547,1.1122223138809204,-3.8486077177249403,-1.3236166086403856,-0.05349460344827984,0.4509561270072457,0.11081757046953554
australia,119.93407358279732,-23.311281622901586,0.0713287740945816,0.0253801709482513,0.0953642910833523,1807.3333333333333,1132.125,2227.6,1758.6666666666663,0,210.44155883789065,1469.7291666666663,0.2297050207853317,584,1.0588630437850952,-3.757028249615075,-1.156071141830123,-0.13836350204807782,0.6478171984094121,-0.008077983783829354
australia,119.95203988847972,-23.311281622901586,0.0745363906025886,0.0231733525368317,0.0311086175684991,1956.4444444444443,1303.75,2639.5,2246.666666666667,0,202.72471618652344,1630.0972222222222,0.200201079249382,581,1.0211538076400757,-2.5122639397144932,-1.2556929800774919,0.0679601713136565,0.668110099097362,-0.21261053274535663
australia,119.9700061941621,-23.311281622901586,0.0714345127344131,0.022454247767894,0.0236872614604532,2005.0833333333333,1360.3333333333333,2726.3333333333335,2129.0,0,208.110595703125,1682.7083333333333,0.1915810257196426,609,0.8707309365272522,-2.368484159162385,-1.337229167010524,0.09243100268964062,0.4866848314069828,-0.22473382701824515
mali,-6.315156447360237,13.12438630098621,0.1454858779907226,0.0532607008869247,0.0542784097395451,3528.0,2575.5,5038.5,4034.0,0,159.5245361328125,3051.75,0.1560579985380172,287,0.1701625436544418,0.9526497401763673,2.2347812700055076,0.23541540781107997,-0.13456396827546951,-0.6572453998994884
mali,-6.297190141677846,13.12438630098621,0.1445766240358352,0.0569761783855794,0.0534054160370874,3632.0,2733.5,5209.0,4451.5,0,314.2413024902344,3182.75,0.1411515176296234,286,0.041543424129486,1.331892136249276,2.1717652407771175,1.5021993043301298,-0.6678981027131377,-0.7549777909015725
mali,-6.279223835995456,13.12438630098621,0.153234913945198,0.0553389228925507,0.0510343575539377,3520.0,2571.0,4797.5,4000.5,0,287.9844970703125,3045.5,0.1558036506175995,289,0.0469363555312156,0.78301306335031,2.1472319624276985,1.3094192296869362,-0.43365245859473306,-0.6821949817324289
mali,-6.261257530313065,13.12438630098621,0.1599536538124084,0.0587727508041325,0.0497986097922679,3601.0,2498.0,4751.5,3906.0,0,0.0,3049.5,0.1808493137359619,289,0.0,0.8283005151508793,2.8950171063080483,-0.9362265734973936,0.29974363417019706,-0.5903660369166179
mali,-6.243291224630675,13.12438630098621,0.1815302968025207,0.0613651066609191,0.0486640030761773,3276.5,1927.5,4443.0,3262.0,0,27.17688369750977,2602.0,0.2592236697673797,289,0.0325810089707374,-0.47411155749166306,3.209158945801484,-0.5097629724063428,0.8911387403746805,-0.1404391824955538
mali,-6.225324918948284,13.12438630098621,0.1569593101739883,0.0597244396366086,0.0444987572169451,3562.75,2489.5,4900.25,4021.0,0,64.03713989257812,3026.125,0.1773307472467422,288,0.0331028439104557,0.9150285254015645,2.7737088493384348,-0.3860560267068475,0.19173780962752454,-0.6489940314142486
mali,-6.207358613265894,13.12438630098621,0.1731600165367126,0.0605062832944864,0.0455955666349446,3628.3333333333335,2548.25,4888.5,4040.0,0,45.758697509765625,3088.291666666667,0.1748674362897873,287,0.041543424129486,1.0256563436690624,3.0274985377938517,-0.470626550855437,0.3084316825692101,-0.6655483808067181
mali,-6.189392307583503,13.12438630098621,0.1494369208812713,0.045484921069456,0.0397022707708952,3785.0,2708.6666666666665,5290.666666666667,4056.25,0,0.0,3246.833333333333,0.1657512485980987,286,0.0144920451566576,1.529566359285573,2.513750782948257,-1.0360230445108918,0.029823797788996718,-0.2827946744775296
mali,-6.171426001901113,13.12438630098621,0.1484655886888504,0.0568236275969964,0.0352617417939724,3716.75,2776.6,5026.0,4088.0,0,134.24130249023438,3246.675,0.1447865962982177,287,0.0207717139273881,1.46759837439334,2.4208836096812476,0.12424463507419369,-0.18591073061771765,-0.7922335350578827
mali,-6.1534596962187225,13.12438630098621,0.1759845465421676,0.0619486474730733,0.0366207862519075,3014.0,1745.0,4267.5,3014.75,0,45.758697509765625,2379.5,0.2666526436805725,285,0.041543424129486,-0.9137100786033832,2.990979037392495,-0.3262881420248848,0.9776007177723106,-0.23274064985881732
mali,-6.315156447360237,13.1423526066686,0.1515818238258361,0.0488401764017209,0.0524129334479748,3717.5,2768.0,5042.0,4333.5,0,140.96754455566406,3242.75,0.1464035212993621,300,0.3544659316539764,1.4699772519767562,2.1737935649816555,0.09023198726798398,-0.025452321360567482,-0.5510592435511426
mali,-6.297190141677846,13.1423526066686,0.1999684125185012,0.0638528134250442,0.0540262327876521,3293.0,1935.5,4384.5,3193.5,0,109.49934387207033,2614.25,0.2596347033977508,287,0.1736629605293274,-0.5796415569028935,3.3077220287876288,0.24566482389379743,0.978183662631948,-0.20138977059156837
mali,-6.279223835995456,13.1423526066686,0.1978400647640228,0.0598325099142135,0.0491624904520171,3415.5,2018.0,4579.5,3261.5,0,332.8214416503906,2716.75,0.257200688123703,289,0.0651629790663719,-0.4126813446153771,2.901300623737544,2.032142396271271,0.34214241674654866,0.0042242789449901405
mali,-6.261257530313065,13.1423526066686,0.155879944562912,0.0523646334040564,0.0479799215414926,3683.0,2603.0,5102.0,4157.0,0,27.178569793701172,3143.0,0.1718103736639022,289,0.0325815007090568,1.2366803319557627,2.7060378799713694,-0.7652935984288819,0.1062589904871058,-0.432316762686077
mali,-6.243291224630675,13.1423526066686,0.1978682875633239,0.0622961645032128,0.0469228173196706,3493.0,2152.0,4692.5,3654.5,0,14.398514747619627,2822.5,0.2375553548336029,288,0.0598480105400085,0.20989289768279157,3.511929849976373,-0.537931656881705,0.883162598898972,-0.24539197226798465
mali,-6.225324918948284,13.1423526066686,0.1524862349033355,0.0554502935740835,0.0418942955488137,3705.75,2613.6,4984.25,4086.3333333333335,0,64.03877258300781,3159.675,0.1728263199329376,288,0.0331047810614109,1.219501504974054,2.6451380816713983,-0.42994078240770583,0.08070897180767113,-0.5163381812659277
mali,-6.207358613265894,13.1423526066686,0.1508069932460785,0.0486348629863818,0.0427790081030002,3451.6666666666665,2404.4,4884.0,3911.0,0,45.760772705078125,2928.0333333333333,0.1788344830274582,286,0.0207724869251251,0.7344543927723237,2.403472808859791,-0.6544867303644103,0.10035613543352824,-0.3872890317460976
mali,-6.189392307583503,13.1423526066686,0.1531486064195633,0.0473032842151614,0.0402886872203251,3570.1428571428573,2418.8571428571427,4929.0,3861.3333333333335,0,270.0,2994.5,0.1922333836555481,287,0.0148820979520678,0.6902419511669593,2.0960760978408164,1.197914677382806,-0.30745210342169005,-0.14510994994711007
mali,-6.171426001901113,13.1423526066686,0.143953263759613,0.0451647305504822,0.029007107912607,3698.4166666666665,2706.6666666666665,5137.25,4407.75,0,90.0,3202.5416666666665,0.1548379510641098,287,0.0446462854743003,1.6308773595345936,2.193992391112289,-0.30105174528982065,-0.1899779766907168,-0.3800298875992422
mali,-6.1534596962187225,13.1423526066686,0.1450048685073852,0.0461721725514988,0.0263450193136974,3334.6666666666665,2391.625,4645.0,3458.0,0,64.03877258300781,2863.145833333333,0.1646862775087356,284,0.0331047810614109,0.5382651622057162,2.0116045284101802,-0.5186879934629618,0.08418687928075587,-0.5677134512502292
mali,-6.315156447360237,13.160318912350991,0.1668350249528885,0.0513593597224806,0.0483675509928429,2926.5,1742.0,4194.5,3049.0,0,127.13801574707033,2334.25,0.2537217438220978,306,0.1680268347263336,-1.0734000908731913,2.3447857075116794,0.13707249154169576,0.6790974836051588,-0.05708511929593719
mali,-6.297190141677846,13.160318912350991,0.1787333935499191,0.0559451481472168,0.0491224972987727,2651.5,1306.5,3820.0,2645.0,0,117.02356719970705,1979.0,0.3398180902004242,290,0.3508485853672027,-2.156390321486634,2.681469311588935,0.2620389741984474,1.4354471286279569,0.41210832354035226
mali,-6.279223835995456,13.160318912350991,0.1787658929824829,0.0579908219215675,0.0428196860409383,3440.0,2510.5,5002.0,4178.0,0,57.010520935058594,2975.25,0.1562053561210632,285,0.0532321035861969,1.0192105623910848,2.929888220223473,-0.38789780015780234,0.2375277365059441,-0.8156967017116584
mali,-6.261257530313065,13.160318912350991,0.1539191603660583,0.0514650123497464,0.0415670675080121,3600.0,2544.0,4936.0,4124.0,0,0.0,3072.0,0.171875,287,0.0289840884506702,1.123961189119861,2.6305888915275055,-0.9847236472722719,0.17929800455534317,-0.46424732771181826
mali,-6.243291224630675,13.160318912350991,0.1708860844373703,0.0553944770094476,0.0405177063306821,3696.25,2480.75,5037.333333333334,4243.0,0,0.0,3088.5,0.1967783719301223,285,0.0579681657254695,1.1738500903218232,3.0677895912788538,-0.8255605076067826,0.4332338680981117,-0.3058121872657386
mali,-6.225324918948284,13.160318912350991,0.1508815437555313,0.0564756210381089,0.0328658275577323,3943.8333333333335,2998.3333333333335,5321.5,4480.0,0,345.6004943847656,3471.0833333333335,0.1361966729164123,287,0.05984827876091,2.0178001029182426,2.200629734360038,1.8749125233021786,-0.6796002044066236,-0.6927531457820744
mali,-6.207358613265894,13.160318912350991,0.1603135615587234,0.0531207476488198,0.0342860848795174,3570.8,2472.0,5158.333333333333,4081.0,0,27.18025779724121,3021.4,0.1818362325429916,286,0.0325819924473762,1.1237337867484531,2.7528224486361013,-0.6618395875782861,0.2602758782327253,-0.43405134778421217
mali,-6.189392307583503,13.160318912350991,0.1511049717664718,0.0538106439597881,0.0356912775430636,3658.0,2567.6666666666665,5062.0,4071.2,0,341.1023864746094,3112.833333333333,0.1751351952552795,286,0.0459530465304851,1.0586348077804055,2.115934460535787,1.8370905477683634,-0.45648465592981446,-0.4214126472774868
mali,-6.171426001901113,13.160318912350991,0.1425871104001999,0.0543641253961227,0.0263168260542593,3652.5,2724.3333333333335,5348.75,4627.333333333333,0,45.762847900390625,3188.416666666667,0.1455529183149337,287,0.0415465161204338,1.8430557931864053,2.5127853311873625,-0.5693379877407987,-0.05864001346983083,-0.7199675702064027
mali,-6.1534596962187225,13.160318912350991,0.1358086913824081,0.0486702644361661,0.0254095274971322,3467.3333333333335,2556.8,4918.0,3979.0,0,72.01795196533203,3012.0666666666666,0.1511476039886474,284,0.0469425097107887,1.1259414879778318,2.048244708551047,-0.45730560382483704,-0.07707559285516975,-0.6573044310732286
mali,-6.315156447360237,13.17828521803338,0.1623696982860565,0.0478588626862225,0.0470476180805363,3322.5,2208.5,4694.5,3867.0,0,86.72205352783203,2765.5,0.2014102339744568,307,0.253445416688919,0.3153710857594882,2.3435015673721247,-0.25493778123111016,0.41377424872353347,-0.22594524473431657
mali,-6.297190141677846,13.17828521803338,0.158724844455719,0.0462231321161757,0.0480921943420271,3658.0,2500.0,4959.0,4228.0,0,120.29302215576172,3079.0,0.1880480647087097,298,0.3447555601596832,1.068986175830611,2.315040816699382,0.0028100626266399312,0.24318430033093463,-0.1540585624551354
mali,-6.279223835995456,13.17828521803338,0.155414879322052,0.0480062282612756,0.0425619938111025,3528.0,2373.5,4797.0,3952.5,0,139.00758361816406,2950.75,0.1956282258033752,287,0.2495976090431213,0.6920381252600037,2.257355118740699,0.16872353070273388,0.21572876639648586,-0.21212970092102718
mali,-6.261257530313065,13.17828521803338,0.1478718519210815,0.0594310975580648,0.0412463008441921,3422.0,2524.0,5117.5,4459.0,0,90.0,2973.0,0.1510259062051773,287,0.0446527674794197,1.1790984225203498,2.572449494770629,-0.22071706058515805,-0.038085672988887785,-0.8827747881909126
mali,-6.243291224630675,13.17828521803338,0.1437905132770538,0.0450038311455159,0.0403887919539622,3217.875,2233.6666666666665,4962.666666666666,3916.0,0,72.01917266845703,2725.770833333333,0.180537611246109,284,0.0469455942511558,0.45200699471160977,2.1313329582225755,-0.4826012300308006,0.04191539523032882,-0.3593093542762912
mali,-6.225324918948284,13.17828521803338,0.1574399471282959,0.0550399243992262,0.0327765624251376,3668.0,2724.0,5334.2,4553.5,0,0.0,3196.0,0.1476846039295196,284,0.0,1.77534028908044,2.823787209056169,-0.9087161196006375,0.07314324745839709,-0.7092740620404927
mali,-6.207358613265894,13.17828521803338,0.1647657006978988,0.0512847569023051,0.0335917741434271,3350.0,2188.0,4911.8,3665.5,0,180.0,2769.0,0.2098230421543121,284,0.0869522094726562,0.3161766183972739,2.4258682220140066,0.6102004099409403,0.21102818664863254,-0.2374722960687789
mali,-6.189392307583503,13.17828521803338,0.1439917534589767,0.0673980804740527,0.0352931748408436,3718.25,2787.5,5223.75,4496.833333333333,0,332.81805419921875,3252.875,0.1430657505989074,284,0.0325824879109859,1.6005884881729497,2.3972901029343787,1.831802784068447,-0.5415231167924827,-1.0185868786585388
mali,-6.171426001901113,13.17828521803338,0.1451169997453689,0.0522703521949043,0.0253290879091134,3782.3333333333335,2825.4285714285716,5367.8,4558.666666666667,0,14.400518417358398,3303.8809523809523,0.1448152661323547,285,0.0598485507071018,2.03467946111134,2.559058003284822,-0.8250922193748037,0.0018631865656260978,-0.6392994749761995
mali,-6.1534596962187225,13.17828521803338,0.1312979906797409,0.0372321390009644,0.0244689872501066,3336.6666666666665,2345.0,5131.285714285715,4083.5,0,45.764930725097656,2840.833333333333,0.1745379865169525,283,0.0415480621159076,0.9359188995193786,1.840918240997309,-0.7394946629274,-0.06745429939602295,-0.17125336926502052
mali,-6.315156447360237,13.196251523715771,0.1439723819494247,0.0421635215433206,0.048140086254477,3435.0,2336.5,4688.5,3962.0,0,343.64471435546875,2885.75,0.1903318017721176,305,0.21144400537014,0.4122207030745963,1.568950438466772,1.6819831669683263,-0.3966052827213706,-0.062102125046799905
mali,-6.297190141677846,13.196251523715771,0.1284050345420837,0.04064137841003,0.0487699265976789,3205.5,2366.0,4789.0,3901.5,0,50.155147552490234,2785.75,0.1506775617599487,302,0.1357119232416153,0.5280395445407537,1.6897585945945444,-0.8466735700153847,-0.11531140623243488,-0.5143792722064371
mali,-6.279223835995456,13.196251523715771,0.1532428115606308,0.0452525194660524,0.043989645371625,3474.0,2425.0,4928.0,4057.0,0,104.55387115478516,2949.5,0.1778267472982406,298,0.2306810468435287,0.8420424662782124,2.177319713945391,-0.1744946559628277,0.13673660906596635,-0.29211186549366597
mali,-6.261257530313065,13.196251523715771,0.1547151505947113,0.0511217069658509,0.0433961067135068,3676.0,2635.5,5219.0,4428.0,0,90.0,3155.75,0.164857804775238,287,0.208393856883049,1.4597734092436607,2.5054154235063057,-0.22649674556056792,0.08753879450675446,-0.4610035485527196
mali,-6.243291224630675,13.196251523715771,0.189295008778572,0.0724752623615717,0.0431179820425229,3184.0,1634.0,4688.5,3305.5,0,180.0,2409.0,0.3217102587223053,284,0.072460189461708,-0.8921497492084358,3.562364872989974,1.0019400934855802,1.0786585948600877,0.11165452185023599
mali,-6.225324918948284,13.196251523715771,0.1625515073537826,0.0485214466067035,0.0368502665123097,3588.5,2311.8,4904.5,3834.3333333333335,0,229.5729522705078,2950.15,0.2163788229227066,287,0.1564337760210037,0.6052526178833811,2.320165691393283,0.9879890694695209,0.10173602636219577,0.001933214088192586
mali,-6.207358613265894,13.196251523715771,0.1504998058080673,0.0470587387488626,0.0343153873025387,3916.5,2711.75,5308.0,4553.333333333333,0,158.93446350097656,3314.125,0.1817598938941955,292,0.1242390945553779,1.7758251290146088,2.3812672754408135,0.3445567487862563,-0.14118230414524485,-0.08142828834472043
mali,-6.189392307583503,13.196251523715771,0.145802766084671,0.0421069450038903,0.0317173753691029,3578.6,2458.3333333333335,5421.75,4198.5,0,107.97959899902344,3018.4666666666667,0.1855688244104385,284,0.1408457905054092,1.2462391435356843,2.191403187121044,-0.11272251877246808,0.00922950345631049,-0.08662845666086359
mali,-6.171426001901113,13.196251523715771,0.1487128436565399,0.0488154508410508,0.0210611841493798,3651.0,2519.6666666666665,5287.25,4178.6,0,45.76701354980469,3085.333333333333,0.1833405345678329,283,0.0415496155619621,1.412654847148201,2.4947637412299635,-0.5217063808150535,0.15325237504239264,-0.28666245972727017
mali,-6.1534596962187225,13.196251523715771,0.1420340090990066,0.0496587162884388,0.020636712650623,3609.0,2594.0,5297.5,4082.0,0,0.0,3101.5,0.1636305004358291,282,0.0,1.4808129144900868,2.4442186650464306,-0.9470218809548344,0.1073413661006383,-0.5145077482628525
mali,-6.315156447360237,13.214217829398162,0.1507887840270996,0.0433124589103381,0.0499597742713349,3922.5,2768.5,5150.5,4457.0,0,17.539958953857422,3345.5,0.1724704802036285,293,0.1975820362567901,1.7135685738284248,2.463060797162716,-0.9226981717724116,0.08833865180741841,-0.08767318118050146
mali,-6.297190141677846,13.214217829398162,0.1410353928804397,0.0420235560631547,0.0497975257817084,3418.0,2458.5,4994.5,4181.0,0,7.798810005187988,2938.25,0.1632774621248245,292,0.2194090187549591,0.9411532737337149,2.1020774822200265,-1.081488493031197,0.12536406030658354,-0.35657489044171525
mali,-6.279223835995456,13.214217829398162,0.1515957564115524,0.0497049273148553,0.0505704583640032,3827.0,2652.0,4958.0,4315.5,0,25.028587341308594,3239.5,0.1813551485538482,291,0.1759326457977295,1.3776894903076746,2.5916670098983525,-0.8069332642069637,0.19614631725899764,-0.2356026803368304
mali,-6.261257530313065,13.214217829398162,0.1477289944887161,0.0435710943608161,0.0516250912333212,3395.0,2350.0,4854.0,3959.0,0,134.23089599609375,2872.5,0.181897297501564,287,0.0415511690080165,0.5259710596399262,2.0982292322027845,-0.028961248569854315,-0.15029167727830747,-0.2062436322747801
mali,-6.243291224630675,13.214217829398162,0.1511109918355941,0.0521783877669792,0.0513373655250783,3826.5,2822.0,5317.5,4509.0,0,219.4123687744141,3324.25,0.1510867178440094,289,0.0937878414988517,1.6722471060793471,2.3610654087338085,0.7552800923697779,-0.4228472121613836,-0.4832619706363442
mali,-6.225324918948284,13.214217829398162,0.1450315415859222,0.0451661545515122,0.0473527681532828,3434.3333333333335,2360.2,5046.5,3978.4,0,225.76910400390625,2897.2666666666664,0.1853701174259185,291,0.0623267404735088,0.6196901325359254,1.9935396679529165,0.7575383963082355,-0.29072629852862875,-0.18610463272505073
mali,-6.207358613265894,13.214217829398162,0.1469445526599884,0.0438930906725014,0.0442564833585013,3768.4,2632.0,5171.5,4513.0,0,53.86567687988281,3200.2,0.1775514036417007,292,0.0737282782793045,1.5112819290451507,2.3948547708718704,-0.620493030043887,-0.06194640991991955,-0.08997548993109089
mali,-6.189392307583503,13.214217829398162,0.1419177949428558,0.0435196627261131,0.0423537308977954,3931.5,2857.3333333333335,5435.5,4613.5,0,122.98377227783205,3394.416666666667,0.1582255214452743,287,0.1597204506397247,1.9936336823059524,2.2204985047778596,-0.07173165869979453,-0.2690692267941005,-0.18239442049569274
mali,-6.171426001901113,13.214217829398162,0.155965656042099,0.0472139764426382,0.0370532947172689,3464.3333333333335,2330.3333333333335,5094.25,3974.6666666666665,0,115.95467376708984,2897.3333333333335,0.1956971883773803,283,0.0662251040339469,0.7542910894454385,2.3926208637892374,-0.004589347810464137,0.10028282967402719,-0.1834540506249027
mali,-6.1534596962187225,13.214217829398162,0.1535426378250122,0.0534341402590633,0.0301216942270146,3690.8,2715.0,5417.714285714285,4329.833333333333,0,207.18533325195312,3202.9,0.1523306965827942,283,0.0325834788382053,1.6197168952336742,2.3860000403521178,0.770172118343693,-0.30588069192603945,-0.6013388425058517
mali,-6.315156447360237,13.232184135080551,0.158000499010086,0.0505767839998052,0.0405176806708493,3469.0,2423.0,4983.0,4157.0,0,95.85050964355467,2946.0,0.1775288581848144,292,0.2843414545059204,0.9352828122328052,2.3869345210752058,-0.149709288738579,0.2933032749518218,-0.45368149304599137
mali,-6.297190141677846,13.232184135080551,0.147048681974411,0.0429124947674494,0.0434987537734844,3407.0,2421.0,4956.0,4251.0,0,90.0,2914.0,0.1691832542419433,287,0.0744375139474868,0.8861181271226223,2.1233865400049936,-0.36512464873558614,-0.09835626665699082,-0.29587697529332707
mali,-6.279223835995456,13.232184135080551,0.1497258245944976,0.0439787218452513,0.0442867848661274,3472.0,2397.5,4928.0,4273.5,0,295.9530334472656,2934.75,0.1830649971961975,287,0.0331145152449607,0.7474703083290412,1.9194462098012985,1.3388500671621286,-0.4855761709970427,-0.12323726282188194
mali,-6.261257530313065,13.232184135080551,0.1576807796955108,0.052319315352559,0.0459267005486377,3460.0,2409.5,4974.5,4255.5,0,192.85948181152344,2934.75,0.1789760589599609,289,0.1337836235761642,0.8236150007779031,2.3588383267484865,0.6110927269050512,-0.059958681926796986,-0.4282650639826435
mali,-6.243291224630675,13.232184135080551,0.1618729829788208,0.0527527499630743,0.0461365701464182,3582.5,2439.0,4838.0,4120.5,0,184.89300537109375,3010.75,0.1899028420448303,289,0.1745400875806808,0.8165891364283372,2.441601127235598,0.5796947580365743,0.0711548010314597,-0.32418458949021944
mali,-6.225324918948284,13.232184135080551,0.1551940143108368,0.0515324821759629,0.0459247299110514,3697.6666666666665,2550.4,4976.666666666667,4139.0,0,180.0,3124.0333333333333,0.1836194694042205,290,0.3043301105499267,1.0932826756446845,2.3233353236887337,0.5216045579486165,0.11195662767188308,-0.325385034740628
mali,-6.207358613265894,13.232184135080551,0.1507763266563415,0.0456474822143991,0.0438712087944545,3912.6666666666665,2728.5,5171.0,4457.0,0,180.0,3320.583333333333,0.1783070266246795,289,0.2318714708089828,1.6271670324986123,2.250753841117683,0.4607797452218732,-0.13294643777703163,-0.08878425801941606
mali,-6.189392307583503,13.232184135080551,0.1514261960983276,0.051470341483052,0.0425496947220606,4080.5,2939.0,5351.0,4734.0,0,155.45985412597656,3509.75,0.162618413567543,290,0.1433795392513275,2.157198571139958,2.539135362932453,0.30283608081493024,-0.22457382663465783,-0.285945547791491
mali,-6.171426001901113,13.232184135080551,0.1344135403633117,0.040632574566085,0.0380318402613003,3643.6,2681.0,5399.2,4391.333333333333,0,134.22882080078125,3162.3,0.1521993428468704,285,0.1246579959988594,1.5682460836586571,1.9163574031222264,-0.03874702860205762,-0.3442827365358119,-0.28454097219455693
mali,-6.1534596962187225,13.232184135080551,0.1407482475042343,0.0464875036322897,0.0326337041710541,3582.0,2594.0,5206.25,4200.0,0,168.38970947265625,3088.0,0.1599740982055664,284,0.0739737600088119,1.299266498645662,2.0439767786767717,0.33151587373018726,-0.27624334087018876,-0.41611762134565616
mali,-6.315156447360237,13.250150440762942,0.1665349900722503,0.0573140017429186,0.0414060423263149,3550.0,2513.0,4832.5,3918.0,0,162.6367950439453,3031.5,0.1710374355316162,295,0.3492264151573181,0.8984883487067852,2.4681631299455438,0.4703491059189511,0.3268950012027374,-0.6865645932349549
mali,-6.297190141677846,13.250150440762942,0.1672755926847458,0.0593593419583643,0.04348575591869,3425.0,2141.0,4608.5,3471.0,0,169.604248046875,2783.0,0.2306863069534301,292,0.4125422239303589,0.057682574728949144,2.578856847742307,0.6185688604053432,0.7267105433711881,-0.3148332190276509
mali,-6.279223835995456,13.250150440762942,0.1805025786161422,0.0623481766085788,0.0450734906713486,3149.5,1838.5,4487.0,3305.5,0,188.06541442871097,2494.0,0.2628307938575744,290,0.4244601726531982,-0.6230476767032073,2.7856433764465085,0.8771507471497476,0.9953171400447702,-0.2158288332063084
mali,-6.261257530313065,13.250150440762942,0.1795991957187652,0.0575512021486331,0.0473624709863342,2893.0,1583.5,4072.5,2852.0,0,231.4665374755859,2238.25,0.2925276458263397,296,0.2093640267848968,-1.5110749276731203,2.5591561306636104,1.1500571955810428,0.840446780513249,0.09884769673927912
mali,-6.243291224630675,13.250150440762942,0.1571610271930694,0.0495421526369495,0.0461457780114986,3016.5,1884.0,4348.5,3317.5,0,244.04861450195312,2450.25,0.231098860502243,301,0.2649298906326294,-0.6971661086841304,1.9574987574534857,1.0362895697495336,0.3304656985595342,-0.15350467596350467
mali,-6.225324918948284,13.250150440762942,0.1486992537975311,0.0458925493843108,0.0456235509162245,3704.1666666666665,2632.0,5168.833333333334,4536.0,0,200.7317657470703,3168.083333333333,0.1692137718200683,312,0.2944101393222809,1.439594834536811,2.0708601220281393,0.6031098748807456,-0.14465620569490345,-0.22909922949807937
mali,-6.207358613265894,13.250150440762942,0.1514436900615692,0.0420118953191881,0.0442022221117736,3769.428571428571,2609.6666666666665,5199.5,4626.5,0,150.4545135498047,3189.5476190476193,0.1818066388368606,308,0.4830764532089233,1.5543086126373427,2.0880107769645644,0.22659523799142717,0.1583289207330529,-0.027507024582386568
mali,-6.189392307583503,13.250150440762942,0.1519158631563186,0.043925926087946,0.0415188175388726,4119.0,2948.0,5353.0,4659.2,0,129.3406524658203,3533.5,0.1656997352838516,296,0.3657653927803039,2.219667378412538,2.3030154672676053,0.06219719914678627,-0.011391535639005456,-0.08572816035748591
mali,-6.171426001901113,13.250150440762942,0.1558083742856979,0.0578169206937975,0.0369745526825193,4102.625,3023.285714285714,5480.0,4720.75,0,158.62579345703125,3562.955357142857,0.1514668613672256,289,0.3268074989318847,2.3829605320228464,2.6605852455635115,0.4443108397178414,0.011430961438808337,-0.5895514751303966
mali,-6.1534596962187225,13.250150440762942,0.1431292295455932,0.0447801285027122,0.0314740793409782,4364.0,3269.6,5645.714285714285,5046.6,0,167.795654296875,3816.8,0.1433661729097366,288,0.2817134261131286,3.041717091225515,2.2621982367559723,0.37340364719580904,-0.3599604284794201,-0.17254388517612043
mali,-6.315156447360237,13.268116746445331,0.1683885306119918,0.0611968738081385,0.0422271227490895,2857.0,1625.0,4041.0,2778.5,0,189.71707153320312,2241.0,0.2748772799968719,315,0.2646518647670746,-1.4138950029409394,2.441750316728602,0.7972007692208862,0.9202154990679531,-0.1995456503936241
mali,-6.297190141677846,13.268116746445331,0.1646201908588409,0.0578164564608059,0.0414692206272396,2722.5,1477.5,3853.5,2629.5,0,182.80099487304688,2100.0,0.2964285612106323,315,0.30469411611557,-1.8047555475632486,2.2857957560143127,0.7202621516891059,1.0440783602845582,0.012210427941532317
mali,-6.279223835995456,13.268116746445331,0.1776455044746399,0.0573942129767326,0.0410416812783853,2859.0,1504.5,3945.5,2687.0,0,142.78656005859375,2181.75,0.3104159533977508,316,0.4185285270214081,-1.6156674335900745,2.5564660985898136,0.48962702093095756,1.3425090689636185,0.18154152743962526
mali,-6.261257530313065,13.268116746445331,0.1538277268409729,0.0466841863407502,0.043825450349777,3700.5,2581.5,4714.0,4029.5,0,125.64673614501952,3141.0,0.1781279891729354,298,0.3481314778327942,1.0615731671733768,2.1491876858696704,0.018373244402116032,0.20350678503594732,-0.2753427785471256
mali,-6.243291224630675,13.268116746445331,0.1520198434591293,0.0462025801091743,0.043006842287782,3167.5,2164.0,4559.5,3726.0,0,289.4901428222656,2665.75,0.1882209479808807,297,0.1737416535615921,-0.00560486799034496,1.7466291164236616,1.3127309929581947,-0.1603477927714048,-0.3314430252198641
mali,-6.225324918948284,13.268116746445331,0.1643192172050476,0.0549628377435276,0.0428875391178441,3015.0,1542.3333333333333,3926.0,2712.25,0,302.97802734375,2278.6666666666665,0.3231422007083893,309,0.3727342188358307,-1.6140088122963654,2.180568926746976,1.7234640421615024,0.8944519446411963,0.4535482318977479
mali,-6.207358613265894,13.268116746445331,0.1766686886548996,0.0526382334557063,0.0410864186201822,3099.75,1708.5,4136.5,2898.6,0,23.76537322998047,2404.125,0.2893464267253876,318,0.1108433306217193,-1.0271643093203333,2.7854391689626445,-0.5785358900511417,1.0802418549667947,0.26185136268856574
mali,-6.189392307583503,13.268116746445331,0.1551213562488556,0.0400476645414802,0.0374490613517501,3633.230769230769,2354.3333333333335,4788.25,4020.0,0,85.3630142211914,2993.7820512820513,0.2135922759771347,306,0.1792623996734619,0.8128360646991268,2.210002371442904,-0.3013896592940035,0.2470804989797251,0.21908355749228292
mali,-6.171426001901113,13.268116746445331,0.1628859490156173,0.0453884231397491,0.0376069850604517,3151.5,1766.4117647058824,4331.25,3186.4,0,148.3477020263672,2458.9558823529414,0.2816415429115295,306,0.0851222574710846,-0.7791405259510836,2.2998643571276403,0.33246095051699737,0.5824207763203746,0.4548401111472875
mali,-6.1534596962187225,13.268116746445331,0.1597468703985214,0.0467266210459857,0.0326301227223916,3702.0,2416.4,4970.75,4109.0,0,123.97283935546876,3059.2,0.210120290517807,303,0.2334068119525909,1.049153549555509,2.3996709894254713,0.12889267763279955,0.30327494239325703,0.03146638822865603
